analysis_date,soil_type,nitrogen,phosphorus,potassium,sulphur,iron,zinc,copper,boron,magnesium,ph,organic_carbon,electrical_conductivity,soil_health_score,recommended_crop,recommended_fertilizer
2026-12-20,Peaty,320,24,142,17,6.9,0.8,0.9,0.3,227,5.5,1.9,0.49,94,Wheat,Gypsum
2026-04-09,Clay Loam,170,25,290,16,4.8,0.9,0.6,0.5,128,6.3,1.43,0.26,58,Tea,Organic Manure
2026-03-11,Alluvial,389,28,314,21,6.6,0.8,0.4,0.4,90,6.6,0.89,0.55,49,Rice,DAP
2026-05-07,Black Cotton,294,19,278,11,5.3,0.6,0.3,0.3,156,6.0,1.29,0.46,91,Groundnut,NPK 17:17:17
2026-10-09,Saline Soil,170,16,301,23,6.5,0.5,0.7,0.6,259,6.1,0.91,0.26,94,Rice,Compost
2026-08-10,Clay,297,25,208,21,6.6,0.8,0.7,0.3,259,5.6,0.57,0.28,49,Millet,DAP
2026-03-25,Clay,383,21,274,18,4.3,1.1,0.5,0.5,90,6.9,0.5,0.57,83,Cotton,DAP
2026-11-25,Peaty,393,24,250,16,7.4,0.9,0.6,0.5,253,8.0,1.9,0.39,62,Banana,NPK 19:19:19
2026-08-09,Red Sandy,234,18,284,13,4.9,1.3,0.5,0.7,128,6.9,1.79,0.35,80,Maize,Vermicompost
2026-06-11,Red Loam,312,22,277,22,5.3,1.0,0.7,0.5,259,6.9,0.5,0.3,89,Tea,Vermicompost
2026-06-13,Laterite,363,33,267,10,6.0,1.3,0.8,0.6,253,6.1,0.47,0.25,85,Rice,NPK 19:19:19
2026-10-18,Peaty,205,33,322,12,6.8,0.9,0.6,0.4,126,7.2,1.58,0.49,63,Sugarcane,DAP
2026-12-27,Laterite,278,18,322,11,4.5,1.2,0.7,0.4,156,5.5,1.14,0.53,86,Coffee,Compost
2026-07-09,Red Loam,314,32,221,20,6.2,1.4,0.5,0.3,217,7.1,0.42,0.33,50,Pulses,Potash
2026-05-09,Laterite,251,25,218,21,4.2,1.2,0.7,0.6,251,7.6,0.81,0.29,94,Barley,Urea
2026-08-05,Clay Loam,391,29,253,15,5.4,1.2,0.7,0.4,137,5.7,0.73,0.27,71,Sugarcane,Compost
2026-12-10,Clay,305,21,225,13,4.5,1.3,0.5,0.5,244,7.1,0.56,0.27,91,Barley,Potash
2026-08-14,Clay Loam,251,29,263,21,5.8,0.9,0.6,0.6,111,6.0,1.79,0.4,53,Millet,Potash
2026-08-27,Clay Loam,376,29,124,18,4.2,0.5,0.4,0.5,192,6.6,0.43,0.59,50,Pulses,NPK 20:20:0
2026-09-07,Clay,375,29,176,21,5.9,0.8,0.7,0.4,229,7.9,0.42,0.5,86,Sugarcane,Potash
2026-01-12,Alluvial,201,37,322,22,6.4,1.0,0.4,0.4,259,7.2,0.56,0.34,73,Sugarcane,Gypsum
2026-11-10,Laterite,214,23,301,19,4.9,0.5,0.7,0.3,150,5.3,1.87,0.3,80,Coffee,Gypsum
2026-09-23,Red Sandy,339,21,219,19,7.1,0.7,0.5,0.6,209,5.9,1.6,0.27,85,Sugarcane,Vermicompost
2026-08-05,Alluvial,205,38,322,22,7.2,1.2,0.8,0.5,109,5.3,1.73,0.47,63,Sugarcane,Urea
2026-05-27,Laterite,219,24,322,10,6.0,0.9,0.7,0.5,259,5.7,1.02,0.47,52,Groundnut,Potash
2026-12-10,Clay,181,32,127,11,6.5,0.8,0.3,0.7,259,6.4,0.42,0.47,52,Pulses,Urea
2026-03-24,Red Loam,365,34,322,17,4.1,0.5,0.7,0.6,139,5.3,0.42,0.41,68,Rice,Urea
2026-05-15,Laterite,366,20,210,11,5.4,1.0,0.8,0.6,255,8.2,1.9,0.52,83,Barley,NPK 17:17:17
2026-03-18,Alluvial,316,39,247,11,4.8,0.7,0.4,0.3,220,7.8,1.05,0.39,47,Wheat,Vermicompost
2026-11-15,Clay Loam,212,28,272,12,5.8,1.2,0.6,0.5,118,8.0,1.16,0.28,59,Sugarcane,NPK 19:19:19
2026-12-27,Clay Loam,171,21,322,13,4.4,0.8,0.8,0.4,102,6.9,1.11,0.39,46,Maize,NPK 19:19:19
2026-09-20,Laterite,269,21,278,13,6.4,1.2,0.8,0.5,209,8.2,0.42,0.51,89,Sugarcane,Organic Manure
2026-09-22,Clay Loam,350,24,264,18,6.8,0.7,0.6,0.6,130,7.9,0.72,0.33,88,Banana,Organic Manure
2026-09-03,Red Loam,387,20,228,14,5.1,1.2,0.7,0.3,151,5.6,1.86,0.4,89,Rice,Vermicompost
2026-01-26,Black Cotton,270,36,279,21,6.0,1.2,0.5,0.5,216,6.9,0.88,0.51,85,Banana,NPK 19:19:19
2026-05-12,Laterite,392,16,233,12,4.9,1.0,0.8,0.2,109,7.8,1.9,0.51,75,Tea,Gypsum
2026-11-01,Red Sandy,289,17,238,18,4.3,0.9,0.8,0.3,117,7.5,1.73,0.52,91,Rice,Gypsum
2026-02-04,Peaty,287,16,293,16,6.9,1.3,0.5,0.7,196,6.6,1.49,0.33,61,Maize,Vermicompost
2026-05-19,Clay Loam,300,28,322,14,5.2,1.1,0.7,0.2,241,5.3,1.56,0.31,62,Cashew,NPK 20:20:0
2026-05-09,Sandy Loam,392,23,285,10,4.4,0.8,0.4,0.6,153,6.4,0.48,0.56,56,Cotton,Compost
2026-06-13,Peaty,275,26,210,13,6.2,0.7,0.7,0.4,189,7.7,1.08,0.45,50,Maize,Urea
2026-01-20,Clay Loam,269,39,190,11,6.9,0.8,0.8,0.4,238,5.8,1.61,0.38,58,Wheat,Compost
2026-12-03,Saline Soil,280,36,197,20,6.4,1.1,0.4,0.4,117,7.5,1.56,0.45,91,Sugarcane,NPK 19:19:19
2026-05-24,Peaty,379,36,250,16,6.3,1.1,0.7,0.5,182,6.0,1.54,0.38,53,Groundnut,Organic Manure
2026-06-21,Saline Soil,318,21,240,20,4.9,0.5,0.8,0.3,174,6.9,0.42,0.45,69,Wheat,Urea
2026-12-23,Laterite,170,24,277,23,7.5,1.3,0.4,0.6,122,6.7,0.52,0.51,92,Cotton,Compost
2026-02-21,Sandy Loam,340,21,286,19,6.9,0.7,0.8,0.2,240,5.8,0.46,0.41,66,Groundnut,Gypsum
2026-06-09,Peaty,393,36,192,10,7.5,0.6,0.5,0.7,191,7.0,0.95,0.32,79,Wheat,Compost
2026-07-24,Clay,283,23,271,12,5.2,0.6,0.3,0.6,188,7.7,1.16,0.52,50,Pulses,NPK 20:20:0
2026-06-13,Black Cotton,170,37,173,13,4.1,0.5,0.4,0.5,229,7.7,1.38,0.35,51,Coffee,Vermicompost
2026-03-16,Clay Loam,358,16,124,18,5.4,0.8,0.8,0.3,90,5.9,0.42,0.47,85,Cotton,Vermicompost
2026-10-03,Red Loam,257,17,182,23,4.7,1.1,0.5,0.4,259,5.7,0.42,0.44,70,Maize,NPK 19:19:19
2026-01-14,Laterite,238,37,322,14,6.8,1.2,0.6,0.4,216,8.1,0.96,0.4,93,Tea,Urea
2026-06-30,Red Sandy,341,33,167,19,4.6,0.8,0.4,0.6,152,6.6,1.65,0.5,95,Rice,NPK 20:20:0
2026-11-15,Black Cotton,270,25,232,18,6.5,0.8,0.8,0.3,218,5.8,1.5,0.38,95,Pulses,Compost
2026-01-24,Alluvial,267,16,273,9,5.9,1.0,0.4,0.5,259,5.7,1.15,0.35,81,Maize,Gypsum
2026-09-06,Peaty,392,35,134,23,4.3,1.3,0.3,0.4,259,6.4,0.8,0.59,58,Banana,Organic Manure
2026-12-27,Sandy Loam,187,26,236,19,4.5,0.6,0.9,0.4,238,5.4,1.75,0.37,71,Cotton,Potash
2026-02-10,Saline Soil,365,18,261,21,4.8,0.6,0.8,0.6,127,7.3,0.96,0.4,89,Sugarcane,Vermicompost
2026-10-30,Clay Loam,253,25,281,23,6.8,0.6,0.8,0.6,155,6.7,1.89,0.49,95,Banana,DAP
2026-08-31,Laterite,393,33,319,19,4.4,1.1,0.5,0.3,245,5.3,1.76,0.25,84,Rubber,Compost
2026-05-23,Sandy Loam,276,29,209,11,5.4,0.6,0.4,0.4,240,5.7,1.24,0.5,60,Cotton,NPK 20:20:0
2026-12-09,Saline Soil,376,28,322,21,6.4,0.6,0.7,0.5,133,8.2,0.42,0.46,50,Banana,NPK 20:20:0
2026-01-09,Red Loam,170,34,235,18,4.3,0.7,0.9,0.6,90,7.4,1.83,0.31,83,Cotton,Organic Manure
2026-12-27,Laterite,254,23,283,13,6.4,1.3,0.8,0.4,119,6.7,1.89,0.58,94,Maize,Compost
2026-08-17,Sandy Loam,302,18,161,18,7.5,0.7,0.6,0.3,160,6.0,1.71,0.57,59,Banana,Vermicompost
2026-10-14,Laterite,274,15,252,22,5.8,1.0,0.4,0.6,244,5.5,0.88,0.44,55,Wheat,NPK 19:19:19
2026-11-09,Red Sandy,372,31,249,18,5.3,1.3,0.7,0.6,218,5.9,1.9,0.46,85,Maize,NPK 19:19:19
2026-04-28,Sandy Loam,218,26,272,14,6.3,0.7,0.7,0.3,123,6.8,1.78,0.35,91,Wheat,Potash
2026-10-29,Saline Soil,170,26,202,12,4.3,1.2,0.8,0.5,131,7.3,1.49,0.28,92,Banana,Potash
2026-06-02,Clay,170,27,124,12,6.1,1.1,0.7,0.7,139,6.9,0.63,0.57,94,Wheat,Organic Manure
2026-01-09,Peaty,389,15,241,14,5.5,0.5,0.8,0.5,115,6.8,1.6,0.46,66,Pulses,Compost
2026-10-15,Laterite,393,25,277,22,4.8,0.9,0.9,0.5,226,6.6,0.46,0.32,63,Banana,Compost
2026-08-11,Saline Soil,274,15,203,11,4.4,1.3,0.5,0.3,90,6.7,0.86,0.25,66,Barley,DAP
2026-11-25,Red Sandy,376,26,124,18,4.8,1.2,0.7,0.6,136,7.8,1.66,0.25,94,Maize,Potash
2026-08-14,Black Cotton,170,34,300,19,4.7,0.6,0.6,0.6,177,6.5,0.71,0.54,62,Tea,NPK 17:17:17
2026-10-03,Clay Loam,170,37,255,18,7.1,0.8,0.4,0.6,205,6.6,1.48,0.47,84,Barley,NPK 19:19:19
2026-11-30,Red Sandy,200,31,124,12,6.4,1.3,0.5,0.7,148,8.2,1.47,0.55,46,Coffee,NPK 17:17:17
2026-07-10,Red Sandy,278,27,308,20,4.9,0.9,0.4,0.4,169,5.3,1.61,0.3,53,Sugarcane,Gypsum
2026-05-22,Peaty,170,28,124,17,6.6,0.8,0.5,0.3,105,6.6,0.83,0.33,49,Wheat,DAP
2026-12-07,Laterite,170,19,156,18,5.0,0.8,0.5,0.3,155,7.4,1.73,0.38,91,Vegetables,Urea
2026-10-23,Laterite,270,29,293,16,4.1,1.1,0.8,0.7,195,6.3,0.88,0.25,70,Sugarcane,Vermicompost
2026-06-15,Black Cotton,208,28,210,11,4.6,1.0,0.7,0.4,112,7.3,1.9,0.5,95,Coffee,Vermicompost
2026-12-18,Laterite,302,27,240,21,5.5,0.7,0.7,0.6,202,7.5,0.58,0.58,47,Rice,Compost
2026-04-03,Clay,289,23,197,11,5.1,1.1,0.3,0.3,150,7.7,1.27,0.4,62,Maize,NPK 17:17:17
2026-01-30,Red Loam,266,15,285,16,7.0,0.7,0.4,0.3,116,6.0,0.79,0.5,76,Coffee,NPK 20:20:0
2026-12-25,Laterite,381,17,242,22,5.3,1.0,0.6,0.4,122,5.9,1.42,0.3,64,Tea,Gypsum
2026-04-27,Red Sandy,391,34,322,19,6.4,0.7,0.7,0.2,189,7.1,1.87,0.52,62,Barley,NPK 20:20:0
2026-07-22,Peaty,220,16,322,20,6.0,0.7,0.9,0.7,143,6.1,0.75,0.55,59,Banana,Vermicompost
2026-01-27,Saline Soil,389,15,281,22,6.2,0.7,0.5,0.7,218,6.6,1.49,0.38,51,Cotton,Gypsum
2026-07-12,Red Loam,393,33,289,13,6.3,1.4,0.8,0.3,206,5.3,1.8,0.3,86,Sugarcane,Vermicompost
2026-10-10,Peaty,305,16,260,12,5.6,0.9,0.7,0.2,222,6.7,1.9,0.39,54,Groundnut,Potash
2026-08-10,Clay,192,23,250,22,4.9,1.3,0.8,0.6,90,7.9,1.9,0.44,55,Rice,NPK 20:20:0
2026-05-26,Saline Soil,393,31,149,13,6.7,0.8,0.4,0.7,227,5.8,0.71,0.38,77,Rice,NPK 20:20:0
2026-07-09,Sandy Loam,295,34,124,20,6.2,0.9,0.5,0.5,249,5.5,1.42,0.43,76,Banana,DAP
2026-10-11,Clay Loam,393,25,124,22,5.8,1.3,0.6,0.5,160,5.8,0.42,0.35,73,Wheat,NPK 17:17:17
2026-02-09,Laterite,200,29,270,17,6.2,1.1,0.8,0.3,259,6.7,1.28,0.48,86,Sugarcane,Compost
2026-11-11,Red Sandy,369,31,322,14,4.3,0.8,0.3,0.4,146,7.4,0.44,0.34,93,Vegetables,Potash
2026-11-21,Laterite,239,20,161,9,4.7,0.6,0.5,0.3,236,5.7,0.74,0.48,56,Cotton,Compost
2026-05-03,Sandy Loam,280,30,288,10,5.1,1.1,0.8,0.5,130,6.6,1.74,0.55,48,Wheat,Vermicompost
2026-02-18,Alluvial,170,24,124,10,4.5,1.2,0.8,0.4,142,6.6,1.43,0.57,62,Sugarcane,Gypsum
2026-03-09,Saline Soil,182,23,132,11,4.1,1.0,0.5,0.6,204,7.5,0.71,0.44,68,Maize,DAP
2026-06-02,Saline Soil,238,18,281,15,5.3,1.4,0.4,0.6,149,5.3,1.39,0.42,76,Wheat,NPK 19:19:19
2026-04-30,Alluvial,222,15,203,18,5.0,0.7,0.7,0.4,259,7.6,1.78,0.25,94,Cotton,Gypsum
2026-01-11,Red Loam,237,22,170,21,5.2,1.0,0.6,0.5,217,7.6,1.8,0.29,67,Sugarcane,NPK 20:20:0
2026-01-16,Sandy Loam,170,24,143,18,4.9,0.8,0.5,0.3,145,7.0,1.83,0.26,66,Maize,NPK 19:19:19
2026-07-28,Alluvial,170,33,144,18,6.4,0.8,0.8,0.3,255,5.9,0.42,0.27,54,Wheat,DAP
2026-12-13,Sandy Loam,292,18,224,21,4.8,0.6,0.4,0.4,228,5.3,1.32,0.41,64,Pulses,DAP
2026-05-21,Peaty,260,36,132,13,6.9,1.2,0.6,0.3,90,6.0,1.23,0.55,76,Pulses,Potash
2026-12-26,Clay Loam,281,17,124,14,6.3,0.9,0.4,0.3,90,6.5,1.48,0.48,86,Tea,Vermicompost
2026-11-08,Saline Soil,372,35,266,10,5.8,1.0,0.7,0.3,135,7.6,1.9,0.35,64,Millet,NPK 20:20:0
2026-04-28,Peaty,340,30,239,11,5.6,1.2,0.5,0.7,90,8.2,1.9,0.25,55,Sugarcane,NPK 17:17:17
2026-08-10,Laterite,290,24,182,20,6.9,1.4,0.4,0.5,253,7.3,1.82,0.26,86,Groundnut,Compost
2026-07-02,Black Cotton,269,18,292,21,5.4,1.1,0.7,0.2,90,7.1,1.58,0.51,47,Maize,Potash
2026-06-16,Peaty,260,18,314,13,5.4,0.8,0.5,0.6,90,5.9,0.76,0.49,61,Barley,DAP
2026-02-03,Sandy Loam,344,23,186,21,5.3,1.2,0.6,0.6,204,7.6,1.56,0.59,53,Rubber,Gypsum
2026-12-04,Saline Soil,170,35,279,12,7.5,1.0,0.4,0.7,127,7.6,0.45,0.38,49,Tea,DAP
2026-08-12,Red Loam,170,29,241,18,4.8,1.2,0.8,0.6,142,5.3,0.42,0.54,87,Coffee,NPK 20:20:0
2026-01-20,Peaty,357,33,125,16,7.1,1.0,0.7,0.6,235,7.3,1.8,0.36,47,Sugarcane,NPK 20:20:0
2026-03-09,Clay,340,19,322,15,7.1,0.8,0.4,0.3,185,5.5,1.55,0.49,69,Rice,Compost
2026-12-27,Saline Soil,328,36,296,9,5.2,1.0,0.5,0.6,125,7.7,1.88,0.46,59,Banana,Compost
2026-02-28,Laterite,291,16,280,19,4.2,1.1,0.7,0.3,175,6.8,1.23,0.46,91,Maize,NPK 17:17:17
2026-05-08,Clay,311,33,124,9,7.2,1.0,0.7,0.3,259,5.3,1.88,0.43,82,Groundnut,Potash
2026-02-02,Black Cotton,291,23,248,18,6.6,0.7,0.4,0.7,149,5.3,1.14,0.38,55,Barley,Gypsum
2026-08-02,Red Loam,382,28,230,22,5.4,1.3,0.3,0.4,232,6.3,1.03,0.55,77,Maize,Gypsum
2026-01-16,Alluvial,191,28,124,14,7.5,1.0,0.8,0.5,104,5.3,0.56,0.56,63,Sugarcane,NPK 19:19:19
2026-01-09,Clay,238,32,214,20,5.4,1.2,0.8,0.6,169,6.6,1.04,0.46,47,Sugarcane,NPK 17:17:17
2026-03-30,Sandy Loam,393,24,124,14,5.1,0.9,0.6,0.3,122,6.4,1.73,0.52,60,Wheat,NPK 19:19:19
2026-07-29,Alluvial,292,24,275,16,4.8,0.8,0.5,0.6,202,7.9,1.0,0.25,86,Sugarcane,Urea
2026-05-28,Alluvial,391,35,271,12,7.0,0.9,0.4,0.3,143,6.2,1.69,0.45,73,Vegetables,Compost
2026-05-07,Clay Loam,231,29,251,15,4.4,1.0,0.5,0.3,136,7.6,0.8,0.37,81,Pulses,Vermicompost
2026-01-09,Peaty,240,17,233,21,6.2,1.1,0.8,0.4,164,5.3,1.7,0.3,48,Tea,Compost
2026-04-30,Clay,280,32,290,15,6.0,1.4,0.4,0.3,218,5.3,1.51,0.32,63,Maize,Gypsum
2026-03-09,Clay,306,22,246,14,7.4,1.0,0.4,0.2,147,6.1,1.5,0.45,59,Barley,Organic Manure
2026-12-19,Black Cotton,249,28,287,17,6.4,0.8,0.4,0.4,104,5.9,1.5,0.51,95,Maize,NPK 19:19:19
2026-06-20,Saline Soil,208,17,159,21,5.6,1.2,0.3,0.2,162,7.6,0.43,0.55,46,Maize,Potash
2026-06-24,Black Cotton,222,25,261,14,4.6,1.2,0.3,0.3,123,7.7,0.48,0.3,55,Cashew,NPK 20:20:0
2026-04-08,Black Cotton,201,16,186,11,6.1,0.6,0.4,0.6,152,7.6,1.79,0.33,54,Coffee,Urea
2026-12-09,Laterite,366,30,271,23,4.1,1.1,0.7,0.6,242,6.2,1.25,0.52,45,Rubber,Potash
2026-05-22,Alluvial,299,20,124,12,7.5,1.2,0.7,0.3,179,6.3,1.24,0.36,91,Rubber,Vermicompost
2026-07-19,Clay Loam,292,32,191,15,6.5,0.7,0.5,0.4,170,7.0,1.9,0.44,78,Rice,Urea
2026-03-09,Sandy Loam,324,22,228,22,6.4,1.1,0.6,0.5,182,5.6,1.04,0.31,55,Cashew,Potash
2026-12-09,Clay,300,19,189,21,7.5,1.2,0.8,0.4,108,5.3,1.04,0.51,52,Maize,Compost
2026-08-25,Laterite,252,38,288,12,5.1,1.3,0.7,0.5,198,5.8,1.19,0.48,72,Wheat,Potash
2026-04-10,Red Sandy,282,34,250,11,5.0,1.1,0.5,0.5,168,6.8,1.72,0.5,94,Sugarcane,NPK 20:20:0
2026-05-27,Peaty,170,28,227,12,6.8,1.3,0.8,0.5,258,6.5,0.42,0.53,80,Coffee,Potash
2026-02-04,Red Loam,246,37,140,22,4.1,0.5,0.3,0.2,259,5.3,1.4,0.53,69,Cotton,Urea
2026-10-09,Red Sandy,234,17,223,10,7.5,0.7,0.7,0.6,259,7.4,0.66,0.46,79,Sugarcane,DAP
2026-07-21,Red Loam,244,35,322,14,6.7,1.1,0.6,0.5,259,7.1,0.42,0.33,63,Cotton,DAP
2026-02-09,Saline Soil,370,34,270,16,5.2,0.8,0.3,0.7,238,5.9,1.75,0.39,86,Maize,Urea
2026-12-14,Peaty,170,33,318,21,5.8,0.8,0.7,0.5,232,7.0,1.88,0.39,88,Coffee,Urea
2026-06-15,Red Sandy,332,38,295,18,5.5,1.4,0.6,0.6,184,6.0,0.45,0.55,94,Millet,NPK 19:19:19
2026-03-09,Clay,314,21,279,10,4.8,1.2,0.7,0.4,244,5.6,1.54,0.3,65,Barley,Vermicompost
2026-03-23,Red Sandy,390,20,250,19,5.4,0.9,0.6,0.6,251,6.4,1.46,0.31,64,Wheat,Potash
2026-06-02,Alluvial,384,21,179,17,4.2,1.3,0.7,0.3,247,8.1,1.9,0.58,91,Vegetables,NPK 19:19:19
2026-04-13,Laterite,305,20,276,14,7.5,1.1,0.3,0.7,259,6.1,0.99,0.43,51,Tea,Organic Manure
2026-05-09,Alluvial,275,32,163,13,6.2,0.6,0.4,0.6,140,6.1,1.54,0.35,86,Sugarcane,Vermicompost
2026-07-27,Red Loam,171,24,196,22,4.1,1.0,0.7,0.4,112,5.9,0.79,0.35,89,Rubber,Organic Manure
2026-04-05,Black Cotton,393,33,322,20,4.7,0.8,0.5,0.3,120,5.3,0.42,0.44,86,Groundnut,Potash
2026-09-23,Sandy Loam,258,31,171,11,4.3,0.9,0.7,0.6,142,6.8,1.52,0.52,92,Sugarcane,DAP
2026-11-03,Sandy Loam,170,22,202,21,6.9,1.4,0.4,0.3,132,6.9,0.57,0.41,95,Banana,NPK 17:17:17
2026-05-09,Clay Loam,227,37,212,16,7.1,1.1,0.6,0.3,249,7.8,1.29,0.51,58,Wheat,Potash
2026-11-23,Sandy Loam,204,32,303,21,5.5,0.8,0.7,0.4,108,5.5,1.9,0.59,91,Maize,Gypsum
2026-04-25,Clay,317,36,274,11,4.4,0.8,0.7,0.5,142,7.3,0.42,0.3,93,Cotton,DAP
2026-11-16,Peaty,210,18,224,12,4.2,1.2,0.4,0.6,157,6.7,1.73,0.59,59,Wheat,NPK 19:19:19
2026-05-23,Sandy Loam,170,25,283,16,5.8,1.2,0.5,0.2,130,8.2,0.71,0.55,89,Pulses,Organic Manure
2026-05-25,Laterite,170,39,294,18,5.8,0.7,0.5,0.3,108,6.7,1.9,0.43,80,Pulses,NPK 19:19:19
2026-10-18,Red Loam,266,26,278,19,6.9,1.0,0.3,0.2,255,6.5,0.88,0.45,86,Wheat,Compost
2026-12-27,Red Sandy,213,38,169,12,4.3,0.8,0.4,0.6,140,7.6,0.42,0.34,81,Groundnut,DAP
2026-01-09,Laterite,311,17,301,23,4.8,1.1,0.4,0.3,259,7.7,0.89,0.3,56,Millet,Compost
2026-02-13,Laterite,373,25,232,20,5.1,1.2,0.7,0.6,182,5.8,0.42,0.48,46,Cotton,Compost
2026-12-22,Sandy Loam,327,34,293,22,7.3,0.8,0.3,0.5,164,6.9,0.42,0.4,64,Vegetables,Urea
2026-12-20,Black Cotton,170,22,242,21,6.1,0.8,0.8,0.3,140,5.9,1.83,0.56,49,Maize,Compost
2026-03-19,Peaty,317,38,268,19,7.2,0.6,0.6,0.6,259,7.5,0.42,0.35,77,Groundnut,NPK 17:17:17
2026-02-09,Alluvial,177,19,141,18,7.1,1.3,0.7,0.3,138,6.0,1.55,0.43,89,Maize,Potash
2026-06-29,Red Sandy,393,33,243,21,6.8,0.8,0.8,0.4,90,7.5,1.53,0.41,93,Rubber,NPK 19:19:19
2026-09-23,Clay Loam,366,19,124,12,6.8,1.1,0.5,0.5,90,6.5,0.93,0.52,89,Rice,Urea
2026-01-09,Laterite,352,21,201,21,5.8,0.8,0.7,0.3,174,7.6,1.8,0.31,93,Sugarcane,NPK 19:19:19
2026-09-10,Alluvial,380,21,124,20,4.1,1.0,0.3,0.2,259,7.1,1.9,0.53,53,Rice,Potash
2026-06-03,Red Sandy,274,24,227,21,5.0,0.6,0.9,0.3,107,7.9,1.09,0.35,59,Maize,NPK 17:17:17
2026-05-15,Saline Soil,290,16,259,14,4.9,0.7,0.3,0.5,112,5.6,1.77,0.28,82,Rice,NPK 19:19:19
2026-01-16,Clay Loam,174,28,322,21,7.0,0.5,0.3,0.6,193,7.8,0.79,0.56,55,Wheat,NPK 19:19:19
2026-03-23,Peaty,393,24,124,9,5.6,0.8,0.6,0.6,259,6.0,1.8,0.47,95,Banana,Gypsum
2026-02-28,Alluvial,170,33,124,10,7.0,1.0,0.8,0.3,211,7.6,1.48,0.47,68,Barley,Potash
2026-08-20,Sandy Loam,242,22,192,9,4.6,0.9,0.7,0.6,192,6.9,1.82,0.51,50,Wheat,Potash
2026-11-08,Laterite,299,32,205,20,7.5,0.7,0.5,0.7,259,6.9,0.65,0.39,50,Rice,Vermicompost
2026-03-10,Sandy Loam,245,34,223,19,5.6,1.0,0.6,0.2,259,7.1,1.88,0.28,49,Banana,Urea
2026-10-21,Clay,170,21,311,12,6.3,0.8,0.6,0.3,182,6.9,0.44,0.49,89,Sugarcane,Urea
2026-11-21,Red Sandy,324,33,314,14,6.4,0.8,0.5,0.5,194,7.1,1.53,0.3,80,Pulses,Urea
2026-02-11,Saline Soil,312,17,305,11,4.8,1.2,0.7,0.5,154,7.9,0.62,0.54,53,Vegetables,Compost
2026-09-07,Sandy Loam,376,22,322,15,4.1,0.7,0.8,0.6,127,5.9,1.5,0.5,53,Vegetables,Gypsum
2026-09-04,Red Loam,290,32,262,13,4.3,1.1,0.5,0.3,106,5.8,1.75,0.45,53,Groundnut,Organic Manure
2026-10-23,Red Sandy,375,20,264,18,4.9,0.7,0.5,0.6,153,5.6,1.79,0.57,63,Cotton,Urea
2026-02-28,Clay,368,25,257,18,6.5,1.2,0.6,0.4,138,8.2,1.9,0.37,45,Rice,Gypsum
2026-10-26,Laterite,250,30,204,17,7.4,1.2,0.7,0.5,226,6.0,1.41,0.42,94,Banana,NPK 17:17:17
2026-08-27,Black Cotton,306,20,214,11,7.1,0.8,0.8,0.5,105,5.7,1.9,0.42,52,Wheat,Compost
2026-03-11,Black Cotton,247,23,243,11,4.4,0.8,0.6,0.6,120,7.2,0.45,0.46,94,Pulses,Compost
2026-01-10,Alluvial,235,27,261,22,5.6,0.5,0.7,0.6,259,5.3,1.51,0.25,89,Banana,Compost
2026-08-28,Sandy Loam,170,37,240,14,5.7,1.1,0.7,0.3,117,5.3,1.48,0.36,45,Barley,Organic Manure
2026-05-04,Red Loam,170,29,267,23,7.5,0.6,0.8,0.3,192,5.8,0.99,0.38,64,Banana,Compost
2026-04-07,Peaty,170,27,273,23,4.7,1.3,0.3,0.5,241,8.1,1.71,0.59,55,Banana,Compost
2026-11-05,Alluvial,330,37,138,19,4.7,1.3,0.4,0.3,137,6.0,1.26,0.42,58,Rice,NPK 20:20:0
2026-11-14,Laterite,270,33,265,16,5.3,0.8,0.6,0.4,140,5.6,1.83,0.25,78,Rice,NPK 19:19:19
2026-01-20,Sandy Loam,379,24,225,23,7.3,1.0,0.6,0.4,126,7.3,1.7,0.39,61,Maize,Gypsum
2026-03-14,Red Loam,212,28,132,23,5.8,0.6,0.4,0.5,210,7.3,0.55,0.25,80,Cashew,Compost
2026-12-17,Sandy Loam,241,21,322,14,5.5,1.1,0.7,0.2,175,7.7,1.4,0.57,55,Sugarcane,Potash
2026-09-23,Clay,370,37,203,12,4.6,0.9,0.8,0.4,259,6.6,0.43,0.59,49,Banana,Urea
2026-05-09,Laterite,220,36,217,17,4.1,0.8,0.7,0.3,259,6.0,1.5,0.32,59,Rice,NPK 17:17:17
2026-05-25,Red Loam,170,23,193,22,6.2,0.6,0.5,0.3,151,7.3,1.9,0.4,63,Maize,DAP
2026-08-10,Saline Soil,170,39,268,9,6.5,1.2,0.6,0.3,259,5.3,1.33,0.32,50,Wheat,NPK 19:19:19
2026-03-13,Clay,172,28,281,9,4.3,0.8,0.5,0.5,131,5.7,1.84,0.44,80,Coffee,Organic Manure
2026-09-28,Alluvial,281,29,134,13,6.0,0.9,0.9,0.3,191,6.6,1.17,0.43,64,Vegetables,Vermicompost
2026-11-30,Red Loam,276,18,283,17,4.6,1.2,0.8,0.2,190,7.6,1.56,0.25,92,Banana,Gypsum
2026-08-10,Saline Soil,300,23,229,10,4.4,0.6,0.8,0.3,259,7.0,0.69,0.49,89,Sugarcane,Organic Manure
2026-10-20,Red Loam,306,35,142,15,7.2,0.8,0.8,0.5,201,7.8,1.27,0.4,72,Banana,NPK 17:17:17
2026-09-01,Red Loam,393,35,146,17,4.5,1.1,0.8,0.3,259,7.0,1.9,0.42,50,Banana,NPK 19:19:19
2026-05-01,Black Cotton,246,24,224,9,5.8,1.2,0.7,0.4,222,6.0,1.78,0.59,49,Banana,Gypsum
2026-11-15,Clay Loam,360,26,273,22,5.0,1.1,0.7,0.3,124,7.1,1.77,0.55,51,Maize,Vermicompost
2026-10-28,Sandy Loam,315,22,250,17,5.2,1.3,0.4,0.3,194,7.1,1.38,0.37,51,Cotton,NPK 17:17:17
2026-12-02,Peaty,201,33,322,17,4.1,1.2,0.5,0.5,127,5.9,1.9,0.54,94,Millet,Compost
2026-11-09,Clay Loam,324,38,206,23,5.8,0.9,0.6,0.7,159,7.2,0.9,0.59,74,Rubber,Urea
2026-11-18,Alluvial,393,33,209,12,4.2,0.7,0.4,0.4,133,7.6,0.69,0.48,71,Rubber,Compost
2026-05-08,Red Loam,379,37,285,13,6.0,0.5,0.7,0.3,248,6.5,0.42,0.55,89,Banana,DAP
2026-06-14,Laterite,170,15,214,11,5.8,0.7,0.4,0.3,230,7.6,0.85,0.59,73,Rice,Organic Manure
2026-05-12,Clay,389,23,143,22,4.1,0.8,0.4,0.2,100,6.7,1.63,0.39,80,Rice,Vermicompost
2026-07-29,Laterite,200,15,230,21,6.6,1.3,0.9,0.7,259,6.1,1.78,0.29,54,Groundnut,Urea
2026-08-01,Red Sandy,274,16,322,11,7.5,1.1,0.8,0.2,107,7.0,0.42,0.59,88,Maize,Organic Manure
2026-02-11,Laterite,379,17,242,13,4.7,1.0,0.4,0.3,250,7.8,1.57,0.52,60,Millet,Gypsum
2026-11-17,Black Cotton,243,36,322,15,7.5,0.9,0.8,0.4,259,5.3,1.1,0.48,76,Banana,DAP
2026-06-23,Alluvial,343,24,283,18,5.4,1.2,0.3,0.6,205,7.8,0.42,0.48,76,Vegetables,Urea
2026-02-19,Peaty,254,16,166,11,5.3,1.1,0.3,0.6,148,6.3,1.48,0.35,86,Maize,Compost
2026-02-14,Saline Soil,170,34,276,12,6.4,1.3,0.4,0.5,247,7.1,1.65,0.26,63,Wheat,NPK 17:17:17
2026-05-11,Red Sandy,370,18,229,11,6.3,1.2,0.4,0.5,254,7.9,1.9,0.31,63,Cotton,NPK 17:17:17
2026-07-12,Sandy Loam,317,18,124,23,4.6,0.6,0.5,0.4,150,8.2,0.75,0.5,53,Maize,Compost
2026-09-20,Laterite,213,32,299,10,6.5,0.8,0.8,0.3,210,8.1,0.77,0.48,78,Banana,Gypsum
2026-11-23,Clay Loam,386,31,219,18,4.5,1.0,0.7,0.6,90,6.1,0.49,0.33,54,Maize,Organic Manure
2026-10-15,Clay Loam,387,23,250,11,5.6,1.2,0.9,0.3,125,7.5,1.9,0.46,71,Barley,NPK 17:17:17
2026-12-23,Red Loam,363,18,258,17,7.3,0.8,0.7,0.4,112,5.6,1.7,0.32,87,Sugarcane,NPK 20:20:0
2026-02-05,Black Cotton,376,24,221,20,6.9,1.1,0.8,0.3,219,5.7,1.67,0.36,63,Tea,Organic Manure
2026-01-18,Clay,234,28,211,22,6.1,0.5,0.8,0.4,115,5.3,0.5,0.3,49,Sugarcane,Urea
2026-05-27,Saline Soil,250,39,259,19,4.4,0.6,0.5,0.6,213,8.2,1.44,0.3,60,Barley,Gypsum
2026-07-22,Clay,207,33,285,9,6.7,0.6,0.6,0.2,90,5.4,0.74,0.51,89,Sugarcane,NPK 17:17:17
2026-09-01,Red Sandy,280,29,172,19,6.9,1.2,0.6,0.6,114,7.5,1.27,0.51,94,Groundnut,Compost
2026-09-12,Saline Soil,170,23,219,12,6.0,1.1,0.8,0.6,90,7.4,1.79,0.41,58,Coffee,Compost
2026-10-26,Black Cotton,316,17,126,18,6.3,0.7,0.4,0.5,244,7.2,0.42,0.51,94,Wheat,Gypsum
2026-03-05,Sandy Loam,264,35,234,20,5.6,1.1,0.9,0.5,144,7.1,1.68,0.26,59,Rice,Compost
2026-04-09,Red Sandy,271,21,247,21,7.5,1.1,0.8,0.6,203,5.8,1.22,0.43,58,Groundnut,NPK 19:19:19
2026-01-10,Alluvial,356,35,322,22,4.1,1.1,0.8,0.4,215,7.2,1.9,0.46,77,Sugarcane,NPK 19:19:19
2026-03-25,Saline Soil,272,21,250,11,5.8,1.2,0.5,0.3,259,6.4,0.73,0.33,59,Maize,Urea
2026-03-21,Red Sandy,361,24,213,18,5.3,1.1,0.8,0.3,90,7.6,1.73,0.3,49,Rubber,Potash
2026-05-03,Red Sandy,393,30,255,19,6.0,0.7,0.8,0.5,101,6.0,1.69,0.37,63,Sugarcane,Urea
2026-06-17,Peaty,393,20,278,11,4.8,1.1,0.6,0.7,252,7.7,0.49,0.26,54,Tea,Gypsum
2026-12-10,Red Loam,243,17,246,14,6.1,0.7,0.8,0.6,188,5.8,0.63,0.56,45,Tea,Vermicompost
2026-12-27,Clay,249,19,206,22,5.1,1.4,0.9,0.3,224,6.0,1.74,0.59,67,Sugarcane,Organic Manure
2026-05-29,Laterite,308,17,124,17,4.7,1.4,0.6,0.3,152,8.2,1.79,0.32,86,Maize,NPK 20:20:0
2026-06-08,Peaty,285,17,322,10,5.1,1.4,0.8,0.6,160,8.2,1.73,0.51,95,Maize,NPK 17:17:17
2026-07-25,Peaty,387,18,294,21,6.4,0.6,0.7,0.3,162,7.6,1.77,0.51,91,Vegetables,Organic Manure
2026-01-20,Saline Soil,174,25,282,17,6.6,0.8,0.6,0.6,257,7.6,1.69,0.5,92,Sugarcane,Compost
2026-02-12,Saline Soil,176,18,239,18,4.3,0.8,0.6,0.6,115,6.8,1.05,0.59,50,Maize,Vermicompost
2026-08-09,Black Cotton,304,32,242,10,5.4,0.9,0.6,0.7,225,7.4,1.9,0.34,93,Sugarcane,Urea
2026-01-09,Alluvial,173,28,163,14,7.1,0.9,0.3,0.2,92,5.3,0.96,0.5,47,Millet,Gypsum
2026-02-20,Clay,347,31,253,11,7.5,1.1,0.5,0.6,223,7.3,0.42,0.53,55,Sugarcane,NPK 17:17:17
2026-04-09,Peaty,222,24,240,23,6.3,1.0,0.5,0.5,150,8.2,1.9,0.56,93,Rubber,Compost
2026-03-24,Laterite,270,35,247,18,6.2,1.0,0.4,0.6,245,5.6,1.74,0.41,57,Pulses,Organic Manure
2026-03-01,Red Loam,231,25,203,17,6.6,0.8,0.6,0.4,157,6.0,1.38,0.34,94,Wheat,Potash
2026-05-06,Laterite,242,28,124,23,7.5,0.8,0.5,0.6,178,5.7,1.18,0.34,85,Tea,Compost
2026-03-13,Laterite,292,32,322,15,4.8,1.0,0.8,0.2,151,5.8,0.6,0.47,74,Maize,Organic Manure
2026-05-13,Red Loam,363,29,124,15,6.7,0.8,0.6,0.6,105,5.5,1.43,0.25,62,Sugarcane,NPK 19:19:19
2026-10-09,Alluvial,200,31,231,11,4.5,0.6,0.9,0.6,259,6.9,0.46,0.55,53,Groundnut,DAP
2026-06-15,Black Cotton,373,34,312,12,7.5,0.9,0.8,0.4,90,6.8,0.42,0.29,60,Coffee,Potash
2026-09-22,Saline Soil,335,29,296,16,6.6,1.3,0.3,0.2,109,6.9,1.3,0.25,62,Cashew,Organic Manure
2026-09-10,Laterite,170,26,292,10,4.9,1.0,0.6,0.2,156,5.7,0.8,0.54,91,Wheat,Potash
2026-11-18,Alluvial,294,27,135,23,7.3,1.4,0.6,0.5,222,6.6,1.38,0.43,95,Wheat,Compost
2026-07-15,Saline Soil,202,24,283,20,4.3,1.1,0.7,0.4,259,7.1,0.44,0.57,88,Groundnut,Vermicompost
2026-08-18,Saline Soil,272,26,320,11,6.2,0.7,0.9,0.3,134,6.4,1.62,0.41,52,Banana,Vermicompost
2026-11-13,Clay Loam,375,32,207,12,4.5,1.2,0.5,0.6,154,6.4,0.99,0.26,57,Wheat,Urea
2026-10-15,Saline Soil,224,31,322,17,6.5,1.1,0.7,0.3,204,7.0,1.88,0.44,90,Cashew,Urea
2026-02-09,Red Loam,231,18,267,21,5.1,1.2,0.5,0.7,90,6.5,1.39,0.38,81,Rice,Potash
2026-02-24,Saline Soil,322,16,303,22,5.2,0.6,0.6,0.4,117,6.2,1.16,0.3,91,Wheat,Vermicompost
2026-11-29,Clay,305,19,242,21,6.7,1.1,0.6,0.2,220,7.3,1.9,0.47,76,Rice,Organic Manure
2026-10-10,Laterite,375,34,281,14,5.9,0.8,0.4,0.3,90,5.3,0.42,0.36,58,Millet,Vermicompost
2026-03-10,Clay,297,34,289,18,4.1,1.2,0.6,0.5,215,6.0,1.62,0.52,88,Maize,Compost
2026-06-04,Peaty,264,32,124,18,6.4,1.3,0.3,0.3,225,5.9,1.48,0.47,45,Maize,DAP
2026-12-07,Red Loam,272,30,231,19,5.4,0.8,0.4,0.7,212,5.7,1.43,0.46,84,Wheat,DAP
2026-10-17,Red Loam,176,33,229,22,7.4,1.2,0.7,0.5,92,6.5,1.8,0.29,51,Banana,Potash
2026-09-12,Clay Loam,326,15,169,17,4.1,0.5,0.9,0.5,218,8.2,1.33,0.27,86,Sugarcane,Urea
2026-01-16,Laterite,393,37,192,21,6.9,1.2,0.7,0.5,197,6.0,0.59,0.49,55,Coffee,Vermicompost
2026-12-27,Peaty,275,26,172,10,4.1,0.5,0.7,0.5,178,6.4,0.44,0.25,49,Vegetables,Vermicompost
2026-12-27,Sandy Loam,308,35,245,14,6.1,0.7,0.6,0.6,128,6.6,0.73,0.45,68,Maize,Potash
2026-08-02,Laterite,320,23,209,14,6.6,0.9,0.6,0.5,255,5.8,1.45,0.44,59,Rubber,Potash
2026-04-07,Laterite,347,34,233,10,6.2,1.2,0.7,0.3,148,6.5,0.93,0.42,63,Coffee,NPK 19:19:19
2026-11-15,Clay Loam,386,26,199,14,6.2,0.7,0.4,0.4,259,8.2,1.47,0.59,63,Banana,Urea
2026-01-16,Clay,294,22,207,22,4.5,0.7,0.5,0.4,259,6.3,1.73,0.35,59,Wheat,Potash
2026-09-10,Red Sandy,205,30,234,14,6.0,0.7,0.8,0.6,132,7.5,1.52,0.3,83,Banana,NPK 17:17:17
2026-12-15,Black Cotton,283,15,189,14,6.8,1.3,0.5,0.3,130,6.4,0.5,0.25,50,Groundnut,Compost
2026-11-03,Red Loam,194,25,124,21,7.2,1.0,0.5,0.3,90,6.3,0.62,0.27,74,Sugarcane,NPK 20:20:0
2026-09-25,Laterite,224,23,279,21,7.1,1.0,0.7,0.3,242,7.4,0.66,0.32,62,Vegetables,Potash
2026-05-16,Red Sandy,385,23,250,13,5.1,1.4,0.9,0.6,116,6.2,1.79,0.33,88,Pulses,DAP
2026-02-10,Red Loam,393,18,133,12,5.3,0.7,0.7,0.6,102,7.6,0.84,0.49,88,Rubber,NPK 17:17:17
2026-09-15,Alluvial,170,16,322,11,6.9,0.8,0.3,0.3,254,7.2,1.9,0.45,66,Sugarcane,NPK 17:17:17
2026-10-26,Red Loam,272,20,211,10,4.3,0.8,0.6,0.7,259,7.6,0.42,0.39,46,Maize,Organic Manure
2026-02-05,Red Loam,274,24,263,18,4.9,0.8,0.8,0.6,90,6.7,1.29,0.44,46,Groundnut,Urea
2026-07-27,Red Loam,373,38,265,17,6.0,0.9,0.7,0.6,209,7.4,1.57,0.46,53,Sugarcane,NPK 17:17:17
2026-07-16,Red Sandy,277,17,238,19,4.1,1.0,0.8,0.4,170,7.0,1.66,0.44,72,Maize,NPK 20:20:0
2026-09-30,Clay,297,17,193,9,7.2,1.0,0.6,0.7,190,7.3,0.85,0.51,51,Millet,Urea
2026-12-04,Red Loam,279,33,322,17,5.1,1.1,0.7,0.2,212,6.1,0.76,0.57,47,Groundnut,Vermicompost
2026-04-09,Laterite,376,18,124,16,4.2,1.2,0.7,0.3,224,6.8,1.89,0.43,87,Coffee,NPK 20:20:0
2026-11-25,Red Sandy,289,16,322,18,4.4,1.1,0.8,0.6,253,8.1,1.9,0.4,45,Groundnut,DAP
2026-08-22,Clay,202,38,174,22,4.3,1.0,0.6,0.6,226,6.7,1.78,0.37,48,Maize,DAP
2026-02-28,Red Loam,331,36,224,15,6.8,1.2,0.4,0.4,242,6.3,0.42,0.54,61,Maize,Urea
2026-01-27,Peaty,393,22,266,12,5.0,1.1,0.5,0.6,209,6.4,1.1,0.5,63,Rice,DAP
2026-09-25,Clay,212,34,282,11,6.9,0.5,0.7,0.2,150,7.4,1.87,0.46,45,Groundnut,NPK 19:19:19
2026-05-24,Peaty,170,16,322,11,4.4,0.8,0.7,0.6,109,5.9,1.71,0.49,92,Banana,Organic Manure
2026-03-02,Alluvial,350,27,144,17,6.4,0.6,0.4,0.2,90,6.2,1.44,0.52,74,Barley,Vermicompost
2026-03-01,Red Loam,314,35,124,9,7.5,0.7,0.3,0.3,237,6.0,0.94,0.45,53,Banana,NPK 17:17:17
2026-09-02,Clay,232,31,156,16,6.8,1.2,0.9,0.4,190,7.2,1.21,0.43,72,Maize,Compost
2026-08-21,Sandy Loam,386,24,198,10,6.8,1.1,0.6,0.5,104,5.3,1.42,0.44,76,Sugarcane,Organic Manure
2026-08-27,Clay Loam,312,33,286,11,4.2,1.0,0.7,0.3,194,6.9,1.9,0.43,47,Wheat,Vermicompost
2026-05-24,Black Cotton,324,15,171,11,5.1,1.4,0.9,0.3,125,6.6,1.9,0.51,83,Maize,Compost
2026-02-02,Clay Loam,221,26,227,13,4.7,1.1,0.3,0.6,244,6.6,1.9,0.36,49,Barley,Compost
2026-04-05,Sandy Loam,285,25,184,17,6.4,1.2,0.5,0.3,90,7.7,1.68,0.3,87,Maize,DAP
2026-01-24,Red Sandy,209,24,153,22,5.1,1.1,0.7,0.5,135,7.3,0.82,0.25,60,Banana,Compost
2026-06-15,Alluvial,170,27,259,16,4.8,0.6,0.8,0.3,259,7.8,0.76,0.45,50,Vegetables,NPK 17:17:17
2026-04-14,Red Sandy,230,24,160,10,6.4,1.3,0.4,0.3,152,7.7,1.47,0.39,49,Cotton,Gypsum
2026-06-21,Sandy Loam,269,15,131,15,5.6,1.1,0.6,0.6,255,5.3,1.61,0.42,59,Sugarcane,NPK 17:17:17
2026-01-09,Laterite,343,22,275,19,6.2,0.7,0.6,0.5,155,6.3,1.74,0.42,51,Coffee,Vermicompost
2026-03-22,Alluvial,384,23,148,22,5.6,0.5,0.8,0.6,201,6.1,0.61,0.25,53,Maize,NPK 20:20:0
2026-12-25,Clay,357,38,178,19,5.2,1.4,0.8,0.5,227,6.2,1.25,0.27,63,Barley,NPK 19:19:19
2026-09-23,Peaty,290,37,284,11,5.3,0.9,0.4,0.6,223,6.7,1.09,0.25,62,Rubber,NPK 19:19:19
2026-06-19,Sandy Loam,170,23,204,21,5.7,1.0,0.7,0.6,259,5.6,1.57,0.26,54,Sugarcane,DAP
2026-10-09,Sandy Loam,380,25,276,19,5.4,0.5,0.8,0.4,216,6.7,1.73,0.36,50,Rice,Vermicompost
2026-05-19,Red Loam,340,21,293,21,6.7,0.8,0.6,0.4,105,5.3,1.87,0.39,75,Sugarcane,Compost
2026-10-17,Sandy Loam,377,22,322,18,6.0,0.6,0.3,0.3,220,6.6,1.05,0.39,77,Tea,Potash
2026-01-29,Laterite,337,33,241,13,6.4,1.2,0.5,0.4,198,7.1,0.59,0.35,56,Rubber,NPK 19:19:19
2026-01-13,Laterite,347,19,322,22,5.4,1.4,0.5,0.3,128,8.2,0.86,0.31,70,Cotton,Vermicompost
2026-10-25,Clay,386,16,260,13,7.1,0.8,0.4,0.3,215,7.3,1.7,0.39,55,Pulses,Gypsum
2026-05-15,Black Cotton,342,22,215,18,7.5,1.0,0.7,0.4,140,5.7,1.48,0.35,80,Sugarcane,Gypsum
2026-04-25,Clay,218,18,219,17,7.3,0.9,0.7,0.4,257,8.2,1.53,0.46,50,Cotton,Compost
2026-06-11,Red Loam,314,26,295,14,7.5,1.0,0.8,0.5,128,7.4,0.77,0.26,64,Maize,NPK 20:20:0
2026-01-27,Clay,277,35,315,16,7.5,1.0,0.8,0.4,109,7.8,1.4,0.46,81,Millet,NPK 20:20:0
2026-04-01,Clay Loam,300,27,294,11,6.2,1.1,0.7,0.7,218,7.7,0.47,0.31,95,Wheat,DAP
2026-09-10,Sandy Loam,274,24,245,17,6.2,0.5,0.4,0.7,243,7.2,1.49,0.44,63,Maize,DAP
2026-12-27,Black Cotton,299,15,237,18,6.0,1.0,0.5,0.3,218,6.4,1.18,0.45,48,Cotton,NPK 19:19:19
2026-10-01,Alluvial,388,16,322,23,5.1,0.6,0.4,0.6,147,6.8,0.6,0.42,86,Sugarcane,NPK 19:19:19
2026-05-25,Red Loam,311,16,269,11,4.3,0.6,0.3,0.6,156,6.0,0.59,0.35,46,Groundnut,Urea
2026-04-25,Red Loam,345,27,322,21,4.6,0.6,0.4,0.7,245,7.4,0.42,0.41,85,Banana,DAP
2026-08-10,Black Cotton,352,34,282,14,6.5,0.9,0.8,0.5,243,5.3,1.86,0.26,88,Maize,Compost
2026-08-23,Laterite,300,25,293,12,4.4,0.8,0.4,0.3,194,8.2,1.79,0.31,71,Coffee,Vermicompost
2026-07-20,Peaty,170,24,322,11,5.1,0.7,0.5,0.3,147,5.3,1.39,0.25,58,Sugarcane,Compost
2026-10-12,Laterite,207,18,161,22,7.5,1.2,0.5,0.5,259,5.3,1.74,0.46,94,Banana,Vermicompost
2026-06-26,Red Sandy,311,16,186,18,6.6,0.6,0.8,0.3,114,6.6,1.71,0.39,93,Tea,Gypsum
2026-04-27,Red Sandy,389,32,124,10,7.1,1.3,0.6,0.3,194,8.2,0.57,0.45,85,Wheat,Gypsum
2026-06-13,Clay Loam,283,31,322,11,6.4,0.6,0.8,0.5,135,7.4,1.55,0.41,55,Sugarcane,Organic Manure
2026-05-10,Red Loam,291,17,299,19,5.4,0.5,0.8,0.4,128,6.4,1.88,0.25,80,Barley,Urea
2026-12-15,Peaty,265,27,276,17,7.5,0.9,0.7,0.7,255,5.3,0.92,0.56,89,Rice,Compost
2026-08-11,Laterite,265,23,250,17,6.8,1.4,0.5,0.7,164,8.2,0.81,0.55,87,Cashew,DAP
2026-07-01,Sandy Loam,295,22,174,21,4.6,1.0,0.5,0.4,259,7.3,1.43,0.37,85,Banana,Organic Manure
2026-03-11,Red Loam,221,28,153,22,7.5,0.8,0.5,0.6,223,7.2,0.73,0.25,95,Barley,NPK 19:19:19
2026-11-12,Alluvial,253,28,228,18,5.5,1.2,0.8,0.2,193,5.3,1.49,0.56,72,Maize,Compost
2026-01-26,Sandy Loam,340,18,282,10,4.9,0.7,0.7,0.7,114,6.3,1.55,0.56,77,Groundnut,DAP
2026-11-25,Peaty,182,34,124,12,7.1,0.5,0.8,0.3,257,8.0,1.9,0.58,50,Groundnut,NPK 20:20:0
2026-02-09,Alluvial,371,32,231,18,6.8,0.9,0.5,0.3,237,6.0,0.58,0.51,83,Banana,NPK 17:17:17
2026-04-18,Black Cotton,304,33,289,22,4.1,1.1,0.4,0.7,259,6.4,1.64,0.36,80,Maize,NPK 17:17:17
2026-01-10,Alluvial,259,25,148,16,6.8,0.8,0.9,0.5,254,7.2,0.42,0.47,53,Wheat,Urea
2026-11-23,Laterite,224,16,322,22,4.1,0.6,0.9,0.6,234,7.4,1.76,0.52,65,Pulses,Organic Manure
2026-12-10,Laterite,209,36,289,16,5.5,0.9,0.5,0.6,90,6.7,1.81,0.56,57,Vegetables,Vermicompost
2026-02-14,Clay,208,24,194,14,4.1,0.9,0.7,0.6,145,6.0,1.56,0.27,49,Banana,Vermicompost
2026-01-09,Alluvial,261,33,129,22,6.8,0.8,0.4,0.4,207,7.7,1.69,0.25,49,Banana,NPK 20:20:0
2026-12-05,Clay Loam,276,17,258,21,5.3,1.0,0.6,0.6,104,6.1,1.73,0.59,55,Tea,NPK 20:20:0
2026-10-14,Black Cotton,365,24,124,19,4.3,1.2,0.4,0.6,228,7.1,0.93,0.41,62,Rice,Organic Manure
2026-08-28,Clay,379,24,124,17,5.1,1.1,0.7,0.4,163,5.7,1.49,0.44,76,Barley,NPK 19:19:19
2026-04-30,Red Sandy,270,34,125,9,4.3,1.1,0.7,0.5,90,6.5,1.89,0.35,51,Banana,DAP
2026-05-02,Clay,342,28,259,16,4.1,0.9,0.3,0.7,200,7.7,1.81,0.37,86,Groundnut,NPK 20:20:0
2026-09-27,Clay Loam,284,23,124,14,6.5,0.5,0.3,0.5,90,7.4,1.77,0.34,79,Pulses,Gypsum
2026-06-21,Black Cotton,377,17,124,23,6.0,1.1,0.9,0.3,207,7.9,1.41,0.25,51,Banana,Organic Manure
2026-06-23,Red Loam,170,26,230,20,5.3,1.2,0.6,0.6,250,7.2,1.63,0.57,55,Sugarcane,Urea
2026-10-19,Red Loam,312,25,144,11,6.6,0.9,0.8,0.6,130,8.2,1.82,0.26,65,Maize,Urea
2026-03-13,Red Sandy,292,35,124,22,5.4,1.2,0.7,0.3,140,5.3,1.45,0.59,54,Banana,Vermicompost
2026-08-14,Laterite,293,25,151,16,7.5,0.7,0.5,0.3,192,6.2,1.83,0.53,80,Wheat,Potash
2026-10-02,Peaty,186,23,246,13,5.6,1.1,0.6,0.6,241,7.5,1.76,0.46,61,Banana,NPK 20:20:0
2026-01-09,Clay,265,21,124,16,5.1,0.8,0.3,0.4,90,6.8,1.43,0.37,68,Sugarcane,Organic Manure
2026-03-29,Clay,318,31,233,16,6.6,1.3,0.4,0.4,90,7.6,1.79,0.47,87,Banana,Compost
2026-09-13,Sandy Loam,195,23,213,11,5.1,0.5,0.3,0.6,234,6.0,1.21,0.59,86,Maize,NPK 19:19:19
2026-08-11,Clay,337,16,234,15,7.3,1.1,0.6,0.6,126,6.7,1.78,0.3,95,Rice,NPK 19:19:19
2026-07-02,Black Cotton,290,30,303,16,6.1,0.8,0.4,0.6,230,5.6,1.2,0.4,54,Sugarcane,Vermicompost
2026-06-13,Laterite,214,37,203,16,6.5,1.1,0.4,0.3,224,7.0,1.66,0.54,80,Rice,Vermicompost
2026-05-19,Saline Soil,173,24,322,9,6.2,1.1,0.3,0.3,123,8.2,0.71,0.51,83,Rice,NPK 20:20:0
2026-01-09,Clay,374,31,322,22,5.5,0.8,0.7,0.7,102,7.3,1.52,0.32,87,Sugarcane,NPK 19:19:19
2026-12-07,Laterite,300,27,309,14,4.5,0.9,0.8,0.4,130,7.0,1.28,0.39,91,Wheat,NPK 20:20:0
2026-02-02,Saline Soil,252,34,284,22,4.4,0.7,0.7,0.6,178,6.3,1.77,0.57,94,Banana,NPK 17:17:17
2026-07-09,Red Loam,379,30,142,9,6.9,0.7,0.8,0.3,152,6.0,1.83,0.55,80,Coffee,NPK 19:19:19
2026-12-15,Red Loam,350,16,322,23,4.1,1.3,0.4,0.4,217,6.6,0.89,0.49,59,Maize,Urea
2026-10-04,Alluvial,170,34,124,20,5.1,1.1,0.4,0.6,100,5.9,1.26,0.32,81,Sugarcane,Urea
2026-04-25,Sandy Loam,170,18,322,22,6.3,1.2,0.7,0.2,134,6.5,1.77,0.36,92,Wheat,Compost
2026-03-18,Clay,371,18,208,16,5.6,0.9,0.6,0.3,155,6.1,1.53,0.25,55,Rice,Organic Manure
2026-07-18,Peaty,170,37,322,15,6.1,0.9,0.7,0.6,116,6.6,1.51,0.57,95,Banana,Gypsum
2026-08-08,Saline Soil,261,26,208,19,4.6,1.2,0.6,0.6,256,5.5,0.8,0.58,94,Maize,Potash
2026-12-15,Saline Soil,263,15,272,22,6.1,0.9,0.5,0.6,117,8.2,0.42,0.29,81,Tea,Gypsum
2026-10-09,Peaty,170,23,172,11,6.6,0.8,0.7,0.6,106,5.4,0.88,0.34,91,Banana,NPK 17:17:17
2026-08-20,Peaty,241,27,269,23,4.1,1.3,0.7,0.5,208,6.7,0.68,0.49,63,Cotton,Urea
2026-03-25,Laterite,181,18,124,20,5.1,0.5,0.7,0.5,183,5.3,1.87,0.44,89,Groundnut,Vermicompost
2026-12-17,Laterite,382,22,200,19,5.3,0.8,0.9,0.2,90,8.2,1.73,0.59,47,Barley,NPK 17:17:17
2026-04-13,Alluvial,353,24,234,11,6.5,1.0,0.3,0.4,212,7.7,1.66,0.37,45,Sugarcane,Urea
2026-01-27,Saline Soil,346,22,271,11,7.4,0.8,0.5,0.6,227,8.2,1.41,0.25,50,Sugarcane,Urea
2026-05-24,Clay,316,31,134,19,7.5,0.7,0.8,0.6,238,5.6,1.19,0.36,63,Sugarcane,DAP
2026-08-24,Red Sandy,266,29,202,21,5.5,1.1,0.5,0.5,203,7.3,1.69,0.31,49,Maize,Organic Manure
2026-11-20,Laterite,380,32,186,10,7.5,0.8,0.8,0.3,255,7.4,1.55,0.55,62,Maize,Organic Manure
2026-02-23,Black Cotton,376,17,210,12,5.7,1.3,0.3,0.5,142,5.3,0.54,0.42,58,Groundnut,DAP
2026-08-19,Clay,292,23,148,23,6.1,0.8,0.8,0.6,196,7.6,0.42,0.46,60,Pulses,NPK 20:20:0
2026-09-23,Sandy Loam,339,27,257,11,6.8,1.3,0.4,0.5,115,5.3,0.78,0.45,78,Wheat,NPK 17:17:17
2026-02-25,Black Cotton,335,34,288,10,6.1,1.2,0.9,0.4,225,6.6,1.9,0.52,93,Millet,Potash
2026-08-08,Sandy Loam,390,36,300,9,4.3,0.5,0.5,0.3,210,7.0,1.3,0.54,94,Maize,Gypsum
2026-10-05,Red Loam,362,29,311,23,5.5,1.3,0.3,0.5,155,6.1,0.58,0.29,63,Rice,Vermicompost
2026-11-15,Red Sandy,341,24,308,13,5.3,1.2,0.7,0.4,218,7.0,0.88,0.57,80,Pulses,Vermicompost
2026-04-30,Red Sandy,345,16,322,12,4.6,0.6,0.9,0.4,131,6.0,1.28,0.51,62,Cotton,Gypsum
2026-05-19,Saline Soil,292,16,133,16,5.5,1.2,0.7,0.3,158,6.9,0.42,0.34,55,Tea,NPK 17:17:17
2026-01-09,Black Cotton,357,36,322,22,7.0,0.9,0.3,0.2,90,6.7,1.49,0.33,49,Pulses,NPK 20:20:0
2026-05-09,Alluvial,392,22,182,17,7.5,1.4,0.4,0.4,174,6.3,0.84,0.25,49,Groundnut,NPK 17:17:17
2026-04-08,Sandy Loam,328,28,322,13,6.4,1.1,0.6,0.3,90,6.7,0.9,0.39,73,Wheat,Urea
2026-07-20,Clay Loam,170,22,204,17,7.4,0.6,0.8,0.6,90,7.7,0.76,0.31,47,Wheat,NPK 20:20:0
2026-06-20,Clay,285,21,268,13,4.6,0.9,0.4,0.4,154,5.5,1.29,0.54,72,Cotton,Potash
2026-11-01,Sandy Loam,302,22,276,9,4.1,0.8,0.7,0.6,120,7.7,0.42,0.49,57,Groundnut,Vermicompost
2026-06-30,Black Cotton,274,28,292,10,5.4,0.9,0.9,0.6,131,7.2,1.73,0.46,72,Cashew,NPK 17:17:17
2026-10-29,Clay,356,28,281,9,4.7,0.9,0.8,0.5,229,7.4,0.52,0.44,78,Wheat,NPK 20:20:0
2026-02-04,Red Loam,331,35,171,16,5.4,0.9,0.6,0.3,115,5.7,1.12,0.35,73,Wheat,DAP
2026-06-14,Black Cotton,215,19,201,16,7.4,0.8,0.6,0.6,115,8.2,1.9,0.37,79,Rubber,NPK 19:19:19
2026-08-05,Peaty,245,25,322,21,5.6,0.7,0.4,0.4,140,7.7,0.48,0.25,81,Sugarcane,Potash
2026-02-28,Saline Soil,379,38,200,23,4.3,0.6,0.5,0.6,110,7.9,1.2,0.48,92,Wheat,Compost
2026-05-04,Laterite,354,31,124,18,4.4,0.5,0.8,0.7,138,7.9,0.79,0.25,79,Maize,Urea
2026-12-11,Saline Soil,222,33,204,21,4.5,0.8,0.6,0.4,110,7.3,0.99,0.28,80,Sugarcane,Vermicompost
2026-03-23,Clay Loam,384,34,138,19,7.5,1.2,0.7,0.5,127,6.7,0.66,0.53,59,Vegetables,Vermicompost
2026-07-04,Red Sandy,274,29,292,19,6.1,1.3,0.6,0.6,259,8.2,0.44,0.57,49,Sugarcane,Compost
2026-01-18,Black Cotton,170,28,322,19,5.7,1.0,0.6,0.3,259,8.2,1.13,0.42,64,Rubber,Organic Manure
2026-08-06,Laterite,380,24,241,18,5.3,0.8,0.6,0.6,211,8.0,1.27,0.56,74,Rice,DAP
2026-01-20,Black Cotton,375,21,163,17,4.3,0.7,0.4,0.6,257,7.3,1.33,0.32,47,Rice,Compost
2026-09-07,Laterite,242,28,220,22,4.3,0.8,0.8,0.4,259,6.9,0.42,0.39,59,Cotton,Vermicompost
2026-01-10,Clay,252,36,322,22,7.5,1.2,0.6,0.4,259,5.6,1.1,0.28,89,Sugarcane,NPK 17:17:17
2026-10-24,Clay Loam,272,18,282,18,5.9,1.4,0.8,0.3,90,7.5,1.56,0.33,67,Maize,NPK 17:17:17
2026-10-14,Sandy Loam,193,36,138,9,6.1,0.7,0.7,0.6,105,8.2,1.43,0.26,94,Cashew,Gypsum
2026-08-25,Red Sandy,272,37,267,16,7.1,0.6,0.7,0.3,219,6.0,1.52,0.43,81,Maize,Compost
2026-02-18,Sandy Loam,372,34,322,9,5.5,1.0,0.8,0.5,253,7.7,1.68,0.25,63,Rice,NPK 20:20:0
2026-03-13,Clay Loam,393,15,124,15,5.3,1.3,0.7,0.6,105,7.6,0.8,0.46,50,Rice,Vermicompost
2026-05-24,Sandy Loam,393,24,298,22,6.7,1.1,0.5,0.5,90,5.5,1.9,0.35,77,Maize,Potash
2026-08-27,Peaty,287,16,272,14,4.4,0.6,0.5,0.3,259,5.9,0.45,0.44,93,Vegetables,NPK 17:17:17
2026-08-15,Clay Loam,305,16,221,18,4.6,0.8,0.8,0.4,232,8.2,1.87,0.34,54,Vegetables,Compost
2026-04-09,Peaty,374,23,200,13,6.8,1.0,0.5,0.3,209,5.3,1.12,0.49,49,Coffee,NPK 17:17:17
2026-03-31,Alluvial,265,37,237,12,6.1,0.5,0.6,0.6,197,8.1,1.79,0.42,63,Wheat,NPK 17:17:17
2026-12-10,Black Cotton,284,32,274,22,6.4,0.8,0.7,0.5,123,6.3,1.64,0.39,82,Rice,NPK 17:17:17
2026-12-02,Sandy Loam,383,18,125,16,5.4,1.0,0.8,0.5,114,7.0,1.7,0.58,54,Banana,DAP
2026-09-30,Alluvial,236,33,238,12,6.2,0.9,0.7,0.3,153,5.5,1.85,0.45,87,Cashew,NPK 17:17:17
2026-10-05,Red Loam,243,33,124,14,6.5,0.7,0.5,0.4,118,5.9,1.9,0.49,89,Maize,Urea
2026-03-05,Red Sandy,211,17,306,19,6.8,0.9,0.5,0.4,198,7.0,1.47,0.47,74,Tea,Gypsum
2026-02-28,Clay,170,22,124,13,7.2,0.6,0.4,0.3,200,6.3,1.82,0.45,54,Maize,Gypsum
2026-06-21,Sandy Loam,335,24,315,12,6.7,0.7,0.6,0.6,232,7.3,0.9,0.52,53,Maize,Organic Manure
2026-10-30,Alluvial,335,15,182,18,6.1,0.5,0.3,0.3,136,7.1,0.42,0.44,70,Cotton,Gypsum
2026-12-13,Saline Soil,321,29,205,11,5.0,0.6,0.5,0.4,153,7.5,0.43,0.32,77,Groundnut,Urea
2026-12-01,Sandy Loam,172,22,200,16,4.4,1.1,0.5,0.4,230,5.3,1.73,0.4,50,Vegetables,DAP
2026-01-10,Alluvial,293,15,281,14,5.6,0.8,0.8,0.2,134,6.6,1.51,0.44,73,Wheat,Gypsum
2026-05-25,Clay,274,21,211,22,6.6,0.5,0.7,0.5,120,6.6,0.92,0.46,53,Maize,DAP
2026-03-02,Clay,190,26,250,18,5.3,1.2,0.5,0.4,259,8.2,0.85,0.58,51,Pulses,Vermicompost
2026-07-20,Red Sandy,170,19,209,16,4.9,1.1,0.5,0.6,156,8.2,0.74,0.45,63,Pulses,NPK 20:20:0
2026-08-14,Laterite,279,33,289,16,6.1,0.8,0.7,0.5,109,6.2,0.79,0.5,89,Coffee,NPK 20:20:0
2026-09-21,Red Loam,247,22,124,18,6.2,0.7,0.5,0.3,207,7.9,1.44,0.31,53,Wheat,Organic Manure
2026-09-10,Alluvial,193,25,322,22,4.1,0.7,0.7,0.6,142,6.3,0.76,0.59,64,Cotton,Gypsum
2026-04-23,Red Loam,170,25,277,18,6.8,0.7,0.4,0.6,124,6.4,1.4,0.52,89,Millet,NPK 19:19:19
2026-04-24,Laterite,231,27,201,12,6.3,1.4,0.9,0.7,156,7.2,0.81,0.31,72,Rubber,Potash
2026-10-04,Clay Loam,321,15,240,14,6.6,0.6,0.6,0.4,157,6.4,0.42,0.51,85,Maize,DAP
2026-09-11,Clay,268,33,322,16,6.2,1.4,0.3,0.4,198,7.4,1.9,0.53,55,Cashew,Compost
2026-05-23,Black Cotton,170,33,200,20,5.4,0.9,0.3,0.6,259,8.2,1.76,0.32,82,Maize,NPK 17:17:17
2026-01-26,Red Sandy,290,19,238,11,7.3,1.2,0.8,0.4,240,7.6,1.54,0.53,78,Rice,NPK 19:19:19
2026-03-20,Clay Loam,346,16,266,22,5.6,0.8,0.7,0.4,231,5.9,1.4,0.58,92,Vegetables,Gypsum
2026-08-06,Red Loam,248,33,322,10,7.5,1.0,0.5,0.5,197,6.0,1.83,0.25,94,Barley,DAP
2026-08-10,Red Loam,216,15,124,12,7.3,0.9,0.8,0.5,163,7.4,1.19,0.34,61,Barley,Vermicompost
2026-04-19,Red Sandy,282,26,257,18,4.7,0.8,0.4,0.6,259,7.9,1.28,0.36,49,Wheat,Potash
2026-06-04,Red Sandy,277,38,124,21,5.3,1.4,0.7,0.4,212,8.2,1.0,0.34,49,Wheat,Potash
2026-03-26,Clay,212,17,178,22,5.3,1.0,0.9,0.5,221,6.1,0.42,0.59,55,Coffee,Potash
2026-01-09,Alluvial,282,34,141,11,4.6,1.2,0.4,0.4,226,6.3,1.9,0.58,68,Wheat,NPK 17:17:17
2026-05-15,Alluvial,170,22,303,11,6.0,0.7,0.7,0.3,90,6.4,0.42,0.47,77,Rice,NPK 20:20:0
2026-09-07,Saline Soil,388,22,199,14,6.3,1.3,0.5,0.3,240,8.2,1.46,0.28,62,Maize,NPK 17:17:17
2026-08-04,Clay Loam,270,34,252,15,6.8,0.5,0.5,0.6,259,7.9,0.46,0.32,88,Rubber,Potash
2026-05-22,Peaty,309,30,278,18,6.8,0.8,0.5,0.3,174,7.5,1.23,0.37,63,Maize,Gypsum
2026-11-19,Clay,201,32,294,16,4.3,1.0,0.8,0.4,194,7.6,1.53,0.45,79,Rubber,Urea
2026-05-10,Peaty,337,33,190,12,4.3,1.4,0.6,0.5,224,6.6,1.76,0.59,88,Banana,NPK 19:19:19
2026-05-25,Red Loam,289,24,261,16,6.9,0.9,0.7,0.4,212,7.8,0.61,0.35,71,Sugarcane,Compost
2026-06-25,Red Loam,170,29,203,21,5.0,1.2,0.3,0.5,208,7.4,1.13,0.25,63,Maize,NPK 17:17:17
2026-08-19,Sandy Loam,393,21,283,20,6.6,1.2,0.7,0.7,259,6.9,1.85,0.26,76,Sugarcane,Compost
2026-05-01,Alluvial,381,34,129,11,6.0,0.9,0.5,0.6,197,8.1,1.0,0.49,85,Sugarcane,NPK 19:19:19
2026-02-11,Clay Loam,300,21,287,23,4.8,0.7,0.7,0.6,224,6.1,0.72,0.48,76,Barley,Vermicompost
2026-09-27,Clay,209,31,262,17,6.4,1.3,0.8,0.6,259,7.3,1.16,0.46,59,Sugarcane,NPK 17:17:17
2026-05-25,Peaty,303,17,264,16,5.2,1.0,0.8,0.6,222,7.9,1.58,0.32,88,Tea,NPK 17:17:17
2026-04-25,Laterite,377,19,253,18,6.2,0.9,0.4,0.3,221,7.6,1.82,0.33,54,Vegetables,NPK 20:20:0
2026-08-26,Laterite,385,32,214,9,6.4,0.7,0.4,0.5,206,6.9,0.42,0.46,46,Pulses,Vermicompost
2026-11-05,Alluvial,194,20,279,11,5.6,0.7,0.8,0.3,90,5.3,0.53,0.55,85,Maize,DAP
2026-09-30,Laterite,192,17,283,19,6.0,0.5,0.7,0.7,90,6.5,1.79,0.49,49,Banana,Organic Manure
2026-05-13,Red Loam,292,28,175,22,5.5,1.1,0.8,0.2,140,7.6,0.42,0.51,59,Sugarcane,NPK 20:20:0
2026-03-20,Laterite,170,29,322,23,4.1,0.9,0.7,0.3,259,5.4,1.85,0.34,46,Sugarcane,Vermicompost
2026-08-27,Clay Loam,377,31,218,18,7.5,0.6,0.9,0.4,259,5.9,0.81,0.55,49,Rubber,Gypsum
2026-11-03,Red Loam,269,30,202,9,7.5,0.6,0.8,0.3,105,7.3,0.42,0.48,59,Rice,NPK 19:19:19
2026-01-19,Saline Soil,248,16,293,21,5.7,1.2,0.6,0.3,110,6.0,1.77,0.4,85,Wheat,Organic Manure
2026-03-01,Laterite,211,17,195,12,6.3,1.2,0.3,0.3,105,6.1,0.75,0.36,50,Banana,NPK 19:19:19
2026-02-09,Sandy Loam,371,24,250,17,5.1,0.8,0.3,0.3,121,6.5,0.66,0.29,71,Sugarcane,NPK 20:20:0
2026-01-13,Black Cotton,290,33,252,11,6.6,1.2,0.7,0.6,230,7.4,1.59,0.54,91,Tea,NPK 17:17:17
2026-08-02,Clay,274,17,288,18,5.1,1.0,0.8,0.6,244,5.7,1.68,0.25,46,Maize,DAP
2026-11-01,Saline Soil,386,17,229,12,6.2,1.0,0.4,0.6,90,7.6,1.37,0.32,88,Wheat,NPK 19:19:19
2026-11-21,Sandy Loam,246,21,288,19,5.0,1.2,0.4,0.7,219,5.8,1.56,0.51,60,Rice,Urea
2026-05-23,Clay Loam,170,25,322,9,5.3,0.9,0.3,0.4,135,7.8,1.04,0.3,85,Groundnut,Compost
2026-04-22,Alluvial,182,24,245,11,5.2,1.2,0.6,0.3,155,7.0,1.76,0.33,61,Maize,Potash
2026-01-22,Peaty,295,18,306,22,4.5,0.6,0.3,0.5,110,6.0,0.55,0.28,53,Sugarcane,Vermicompost
2026-06-13,Red Loam,331,38,293,18,5.7,1.4,0.5,0.5,199,6.1,1.84,0.25,47,Maize,DAP
2026-11-11,Red Loam,279,33,164,13,5.1,1.0,0.8,0.5,186,8.2,1.13,0.5,59,Pulses,Vermicompost
2026-05-21,Alluvial,387,33,219,16,6.0,1.1,0.7,0.3,259,5.7,1.01,0.25,95,Cashew,Compost
2026-07-26,Peaty,371,20,284,12,5.8,1.1,0.5,0.2,259,6.2,1.28,0.49,50,Vegetables,Urea
2026-10-27,Laterite,300,38,219,11,7.4,0.6,0.3,0.3,259,5.3,0.56,0.43,66,Maize,Potash
2026-04-25,Sandy Loam,352,16,205,21,7.1,1.2,0.8,0.3,118,6.2,1.83,0.29,66,Groundnut,NPK 17:17:17
2026-01-20,Laterite,170,23,322,19,4.4,0.6,0.5,0.5,136,7.1,1.54,0.5,59,Rubber,NPK 19:19:19
2026-08-07,Peaty,351,22,184,12,7.5,0.6,0.5,0.3,135,6.0,0.58,0.4,62,Groundnut,Vermicompost
2026-04-10,Red Sandy,179,22,283,13,6.7,1.3,0.3,0.6,259,5.5,1.53,0.4,61,Maize,Vermicompost
2026-04-25,Laterite,286,19,211,20,4.9,1.0,0.3,0.6,193,6.6,0.43,0.36,54,Cashew,Vermicompost
2026-02-10,Alluvial,380,19,303,18,5.8,1.4,0.5,0.5,254,7.0,1.81,0.42,80,Maize,Organic Manure
2026-08-02,Laterite,381,16,322,22,5.1,0.9,0.9,0.6,259,5.3,0.82,0.39,91,Groundnut,NPK 19:19:19
2026-10-27,Sandy Loam,384,35,179,10,7.5,0.5,0.7,0.7,216,8.1,1.22,0.34,72,Tea,Compost
2026-11-21,Sandy Loam,381,20,156,11,4.1,0.8,0.5,0.5,257,7.6,1.77,0.36,48,Cotton,Urea
2026-05-09,Peaty,372,29,201,12,5.0,1.1,0.7,0.7,138,6.6,0.83,0.5,56,Sugarcane,Compost
2026-04-26,Laterite,207,39,125,22,6.4,0.5,0.3,0.6,96,7.5,1.28,0.31,64,Groundnut,Compost
2026-01-21,Sandy Loam,254,33,254,20,6.8,0.8,0.8,0.2,101,6.8,0.73,0.34,89,Cotton,Compost
2026-12-17,Clay Loam,385,21,177,14,5.7,1.3,0.6,0.5,141,6.4,0.64,0.3,63,Vegetables,NPK 17:17:17
2026-11-21,Alluvial,357,20,124,10,7.5,0.9,0.8,0.5,90,6.7,0.52,0.44,80,Pulses,Gypsum
2026-08-09,Sandy Loam,185,22,214,18,6.1,0.9,0.6,0.6,259,7.5,1.58,0.34,65,Banana,Gypsum
2026-11-09,Alluvial,170,23,180,18,4.2,1.2,0.4,0.6,119,7.5,1.59,0.3,51,Sugarcane,NPK 17:17:17
2026-06-25,Clay Loam,264,38,200,14,6.1,1.1,0.7,0.7,214,7.0,1.15,0.59,94,Sugarcane,NPK 17:17:17
2026-03-17,Clay,267,16,140,19,4.7,0.6,0.4,0.4,222,5.5,1.69,0.5,51,Tea,Compost
2026-05-15,Laterite,256,25,223,19,4.8,1.4,0.7,0.2,90,5.3,1.75,0.51,45,Wheat,NPK 19:19:19
2026-12-15,Alluvial,282,30,165,21,5.3,0.6,0.7,0.4,152,5.3,1.47,0.57,64,Maize,NPK 20:20:0
2026-07-16,Red Sandy,297,26,219,19,5.5,1.1,0.5,0.3,100,7.9,0.42,0.59,63,Cotton,DAP
2026-02-09,Black Cotton,340,16,292,18,6.4,1.3,0.3,0.2,194,7.8,1.71,0.25,85,Groundnut,NPK 20:20:0
2026-01-09,Clay Loam,264,23,124,13,4.9,0.9,0.6,0.4,152,7.7,0.99,0.42,68,Maize,Potash
2026-08-10,Alluvial,306,31,322,17,4.1,0.7,0.7,0.3,135,7.8,0.57,0.55,85,Coffee,Compost
2026-12-01,Clay Loam,252,23,221,22,5.0,0.8,0.8,0.5,258,7.8,1.86,0.25,73,Pulses,DAP
2026-01-18,Peaty,282,27,322,21,5.6,0.6,0.5,0.4,239,5.6,1.28,0.49,75,Groundnut,DAP
2026-01-09,Clay,213,18,322,22,5.4,1.1,0.4,0.4,226,7.6,0.51,0.36,48,Banana,NPK 19:19:19
2026-02-24,Red Loam,196,32,242,19,6.1,1.2,0.4,0.6,123,5.5,0.42,0.43,75,Groundnut,Compost
2026-05-14,Sandy Loam,357,28,235,23,6.9,1.0,0.6,0.3,259,7.9,0.42,0.57,72,Groundnut,Potash
2026-07-14,Red Loam,221,19,322,23,5.8,1.2,0.5,0.4,154,7.9,1.01,0.51,68,Rice,Organic Manure
2026-08-09,Laterite,255,17,250,16,4.1,1.1,0.4,0.5,171,7.4,1.45,0.57,60,Cashew,Vermicompost
2026-04-10,Saline Soil,261,31,212,10,7.2,1.1,0.4,0.5,192,7.0,1.59,0.59,86,Cashew,NPK 20:20:0
2026-09-13,Black Cotton,344,26,286,22,6.0,0.7,0.4,0.7,126,7.9,0.78,0.33,75,Sugarcane,DAP
2026-08-30,Red Sandy,198,21,226,11,6.5,0.9,0.3,0.6,238,6.4,0.46,0.59,66,Banana,NPK 20:20:0
2026-08-31,Laterite,248,33,266,22,6.7,1.3,0.6,0.4,110,5.6,0.51,0.39,49,Banana,Urea
2026-09-29,Clay Loam,265,32,275,17,7.2,1.4,0.7,0.5,214,6.9,1.24,0.35,94,Rice,Compost
2026-03-25,Clay,317,33,238,21,6.0,0.9,0.7,0.2,196,6.5,1.88,0.25,89,Banana,Vermicompost
2026-04-09,Clay,170,34,306,19,4.4,0.8,0.6,0.3,229,7.3,0.42,0.46,67,Barley,NPK 19:19:19
2026-04-02,Red Sandy,287,33,272,16,7.5,0.8,0.5,0.7,131,7.9,0.7,0.49,83,Sugarcane,Compost
2026-11-13,Alluvial,234,35,128,14,4.7,0.9,0.6,0.6,245,6.1,1.9,0.35,81,Cotton,Compost
2026-10-17,Clay,213,18,247,19,6.3,1.4,0.4,0.3,168,7.7,1.9,0.26,89,Cashew,DAP
2026-06-21,Clay,325,35,136,11,7.5,1.1,0.3,0.3,152,7.3,1.49,0.34,59,Coffee,Compost
2026-10-24,Peaty,366,21,138,22,5.4,1.2,0.6,0.4,115,5.3,0.42,0.31,56,Vegetables,Compost
2026-05-27,Sandy Loam,199,23,280,19,5.1,1.3,0.7,0.3,227,5.3,1.76,0.47,64,Maize,Potash
2026-06-22,Sandy Loam,377,34,322,12,5.3,0.5,0.8,0.2,238,8.1,0.42,0.53,66,Banana,Gypsum
2026-11-21,Alluvial,324,35,278,11,4.4,1.4,0.3,0.4,225,6.0,0.97,0.37,55,Banana,NPK 17:17:17
2026-06-23,Red Sandy,308,32,270,14,4.4,0.6,0.4,0.6,130,5.6,0.53,0.56,63,Wheat,Gypsum
2026-05-25,Red Sandy,387,37,291,19,6.4,1.2,0.7,0.3,242,7.5,0.42,0.38,95,Maize,Vermicompost
2026-02-04,Sandy Loam,297,33,260,16,4.1,0.7,0.6,0.6,112,7.6,0.9,0.57,58,Maize,Vermicompost
2026-11-22,Peaty,170,23,322,14,4.2,1.1,0.5,0.4,151,7.8,0.42,0.38,86,Maize,DAP
2026-09-30,Saline Soil,170,21,309,21,6.4,0.8,0.8,0.6,90,7.0,1.26,0.45,65,Cotton,Potash
2026-12-02,Black Cotton,383,34,226,19,6.7,1.2,0.5,0.4,251,7.4,0.47,0.57,94,Rice,DAP
2026-08-17,Black Cotton,369,18,203,12,6.5,1.1,0.6,0.3,90,8.1,0.86,0.37,56,Banana,Gypsum
2026-08-02,Sandy Loam,220,16,267,11,6.1,0.5,0.3,0.6,111,6.6,0.63,0.48,91,Maize,NPK 19:19:19
2026-05-16,Red Sandy,270,34,280,18,6.3,0.9,0.9,0.5,259,6.4,0.42,0.57,50,Groundnut,NPK 20:20:0
2026-09-10,Laterite,307,15,322,18,5.9,0.8,0.4,0.3,202,7.8,0.42,0.3,75,Millet,Compost
2026-06-29,Saline Soil,170,19,245,12,5.0,1.2,0.4,0.5,259,8.2,1.83,0.36,46,Sugarcane,Urea
2026-03-15,Saline Soil,224,30,164,18,6.2,0.9,0.3,0.6,228,6.9,0.42,0.49,62,Pulses,Gypsum
2026-08-23,Clay,181,26,233,11,5.9,0.8,0.5,0.3,111,7.2,0.63,0.32,62,Coffee,Compost
2026-08-28,Black Cotton,249,16,212,14,4.3,1.3,0.8,0.5,156,5.5,1.67,0.59,89,Groundnut,DAP
2026-08-02,Saline Soil,249,15,181,17,5.6,0.7,0.5,0.4,235,6.3,1.86,0.56,64,Pulses,DAP
2026-09-18,Black Cotton,392,33,269,20,4.5,1.0,0.8,0.2,222,6.7,1.56,0.32,50,Banana,Urea
2026-11-15,Peaty,217,27,281,18,5.1,1.3,0.7,0.5,124,6.7,1.62,0.31,72,Groundnut,Potash
2026-08-02,Saline Soil,335,34,252,9,4.8,0.7,0.7,0.4,207,6.3,1.4,0.39,69,Wheat,Vermicompost
2026-09-08,Alluvial,341,28,238,22,5.4,1.2,0.9,0.7,205,5.8,0.59,0.49,48,Rubber,Compost
2026-08-18,Clay,358,34,177,11,6.3,0.7,0.4,0.7,132,7.6,1.44,0.29,63,Cotton,Organic Manure
2026-01-19,Black Cotton,193,20,258,23,5.2,1.0,0.3,0.4,148,6.2,0.42,0.35,85,Cashew,Urea
2026-07-06,Saline Soil,384,33,267,9,7.2,0.8,0.8,0.6,195,6.0,1.66,0.47,90,Maize,Compost
2026-06-11,Clay,233,27,232,14,4.3,0.9,0.8,0.4,181,7.7,1.06,0.25,71,Groundnut,Gypsum
2026-07-11,Alluvial,251,27,216,21,5.8,0.8,0.5,0.3,126,8.2,0.7,0.36,46,Wheat,Compost
2026-02-23,Laterite,194,26,250,18,6.4,0.6,0.6,0.3,208,6.2,1.86,0.59,66,Sugarcane,Compost
2026-03-26,Black Cotton,170,25,124,23,4.4,0.6,0.9,0.5,127,6.6,1.46,0.25,58,Maize,Gypsum
2026-10-12,Clay,245,25,280,19,4.1,0.9,0.6,0.6,126,7.4,1.5,0.26,64,Rice,Compost
2026-11-01,Saline Soil,367,19,322,13,5.4,1.1,0.8,0.6,259,5.3,0.42,0.33,88,Cotton,Urea
2026-01-27,Sandy Loam,282,29,322,12,4.1,0.7,0.6,0.5,126,6.4,0.46,0.47,52,Tea,Compost
2026-05-13,Peaty,336,31,266,18,7.5,1.3,0.9,0.3,185,5.6,0.92,0.45,77,Barley,Organic Manure
2026-10-07,Sandy Loam,261,29,221,11,7.5,1.3,0.6,0.3,161,5.8,0.99,0.5,58,Maize,Vermicompost
2026-01-09,Red Sandy,174,38,124,16,6.7,1.1,0.6,0.4,259,5.3,0.42,0.34,91,Maize,Gypsum
2026-03-30,Clay,240,37,182,23,4.3,1.0,0.3,0.4,110,8.2,0.42,0.39,59,Wheat,NPK 17:17:17
2026-08-18,Clay Loam,331,29,322,10,6.4,0.9,0.6,0.3,259,5.8,1.87,0.38,95,Coffee,Vermicompost
2026-03-06,Red Loam,291,36,245,12,6.3,1.0,0.5,0.2,141,5.6,0.54,0.55,59,Maize,Vermicompost
2026-02-28,Peaty,284,22,124,10,7.4,1.1,0.7,0.5,90,5.4,0.71,0.48,58,Sugarcane,NPK 20:20:0
2026-11-15,Laterite,193,38,133,23,7.5,1.3,0.6,0.6,154,7.6,0.42,0.49,55,Sugarcane,Compost
2026-09-09,Red Loam,173,18,240,10,5.1,0.6,0.6,0.6,215,7.8,1.56,0.44,58,Cotton,Urea
2026-08-25,Red Loam,266,35,206,14,4.1,1.2,0.4,0.7,105,5.9,1.76,0.55,47,Tea,Compost
2026-02-22,Sandy Loam,356,22,322,10,5.1,1.0,0.7,0.7,217,6.8,1.83,0.52,91,Sugarcane,Urea
2026-04-18,Red Loam,272,25,266,14,4.4,0.6,0.4,0.5,154,7.9,1.8,0.44,55,Rice,Urea
2026-08-25,Peaty,393,22,232,22,4.3,1.0,0.3,0.3,195,8.2,0.8,0.33,88,Pulses,Compost
2026-10-27,Alluvial,291,31,272,19,7.0,1.1,0.3,0.6,231,5.7,1.9,0.39,76,Sugarcane,Vermicompost
2026-02-13,Peaty,203,37,255,9,5.7,1.0,0.6,0.3,243,6.3,1.23,0.56,85,Pulses,Gypsum
2026-09-22,Clay,361,33,191,22,5.4,1.0,0.5,0.7,124,5.4,0.98,0.45,62,Vegetables,NPK 17:17:17
2026-05-06,Peaty,370,35,322,13,5.5,0.6,0.8,0.3,123,6.9,0.64,0.36,61,Cashew,Compost
2026-03-29,Alluvial,331,21,235,12,7.4,0.6,0.8,0.3,117,5.4,1.37,0.33,54,Maize,Gypsum
2026-04-17,Sandy Loam,224,38,321,20,4.4,0.8,0.7,0.7,247,6.0,1.58,0.44,60,Sugarcane,DAP
2026-08-11,Alluvial,220,32,149,14,6.9,0.6,0.3,0.2,161,7.1,0.7,0.31,85,Sugarcane,Compost
2026-03-24,Saline Soil,321,16,229,12,7.5,1.2,0.9,0.3,151,7.7,1.44,0.49,86,Wheat,Potash
2026-06-03,Black Cotton,178,24,292,11,7.5,1.1,0.7,0.5,222,6.3,0.42,0.46,94,Groundnut,Compost
2026-09-01,Laterite,170,34,188,23,6.2,0.6,0.4,0.4,245,8.2,0.42,0.49,67,Wheat,Urea
2026-05-14,Clay,212,31,240,15,6.7,0.6,0.8,0.3,259,5.9,1.59,0.3,63,Tea,Urea
2026-12-23,Black Cotton,262,25,305,12,6.4,0.6,0.8,0.3,132,5.3,0.42,0.5,57,Barley,Potash
2026-02-19,Laterite,243,27,124,21,6.5,0.8,0.3,0.2,90,6.1,0.42,0.56,88,Groundnut,NPK 20:20:0
2026-01-10,Peaty,323,26,255,11,5.0,0.7,0.7,0.6,195,5.8,0.93,0.35,61,Maize,NPK 17:17:17
2026-04-21,Peaty,337,26,212,16,5.9,0.9,0.5,0.4,120,8.2,1.86,0.32,94,Rice,Compost
2026-08-23,Laterite,212,16,151,20,4.6,1.3,0.4,0.7,259,5.6,1.6,0.25,64,Pulses,NPK 20:20:0
2026-03-28,Laterite,236,37,138,22,5.9,0.7,0.5,0.2,195,7.9,1.18,0.57,78,Coffee,Potash
2026-12-08,Clay,329,34,208,17,4.3,1.2,0.8,0.3,222,7.7,0.42,0.57,70,Maize,Urea
2026-11-14,Laterite,263,18,303,19,4.2,0.6,0.5,0.5,204,6.5,1.73,0.49,63,Banana,NPK 19:19:19
2026-06-01,Laterite,275,23,248,11,6.6,0.6,0.8,0.3,189,8.2,1.46,0.43,94,Rice,Compost
2026-03-04,Laterite,187,27,280,11,4.1,1.3,0.4,0.7,236,7.4,0.42,0.52,45,Vegetables,Compost
2026-10-04,Clay Loam,273,19,238,21,5.9,1.1,0.6,0.2,216,7.7,0.94,0.33,81,Vegetables,NPK 19:19:19
2026-11-19,Red Loam,249,16,130,15,5.5,0.8,0.6,0.4,229,6.2,0.68,0.37,50,Banana,DAP
2026-04-16,Peaty,387,33,213,9,5.4,0.8,0.4,0.5,128,7.4,0.56,0.48,54,Rubber,DAP
2026-01-24,Laterite,372,25,175,9,6.4,1.2,0.9,0.3,90,6.3,1.38,0.59,75,Vegetables,Organic Manure
2026-10-16,Black Cotton,279,29,322,15,6.6,0.8,0.6,0.6,112,6.3,1.12,0.48,90,Coffee,NPK 19:19:19
2026-12-05,Saline Soil,233,32,137,10,7.3,0.9,0.3,0.5,259,6.3,0.48,0.3,88,Millet,NPK 19:19:19
2026-04-29,Laterite,337,21,322,19,6.6,1.4,0.7,0.4,147,6.6,0.88,0.54,61,Sugarcane,NPK 19:19:19
2026-08-06,Sandy Loam,170,30,256,18,6.1,1.1,0.5,0.6,235,6.1,1.53,0.55,91,Sugarcane,Potash
2026-03-22,Saline Soil,214,38,124,22,4.4,0.8,0.9,0.3,209,5.4,1.9,0.25,49,Cashew,NPK 19:19:19
2026-01-15,Black Cotton,229,28,289,16,5.0,0.9,0.4,0.5,153,5.3,1.9,0.43,68,Rice,Potash
2026-11-19,Saline Soil,184,24,138,18,7.0,1.2,0.4,0.3,107,6.3,0.87,0.3,54,Groundnut,Urea
2026-09-30,Sandy Loam,350,26,178,13,5.0,0.6,0.9,0.5,228,7.8,1.43,0.33,74,Tea,Organic Manure
2026-11-05,Laterite,202,36,288,16,5.1,1.2,0.7,0.3,240,6.0,1.42,0.36,58,Rice,Organic Manure
2026-06-02,Saline Soil,226,29,291,10,4.2,1.4,0.7,0.5,259,7.9,1.83,0.3,46,Rubber,Gypsum
2026-03-28,Laterite,207,24,297,23,5.2,0.9,0.7,0.2,90,7.7,0.42,0.59,78,Groundnut,NPK 19:19:19
2026-04-15,Clay,243,24,307,10,6.0,0.6,0.8,0.5,259,7.3,0.82,0.58,61,Sugarcane,DAP
2026-06-05,Black Cotton,210,18,186,20,6.3,1.2,0.3,0.5,110,7.3,1.73,0.5,63,Pulses,Organic Manure
2026-12-18,Black Cotton,286,20,208,13,6.1,1.3,0.3,0.6,90,7.3,1.56,0.57,85,Banana,Gypsum
2026-11-21,Clay Loam,229,28,281,13,4.2,1.0,0.4,0.3,228,7.9,1.9,0.46,76,Cotton,Potash
2026-02-23,Clay Loam,174,15,124,18,5.3,0.8,0.4,0.3,127,6.7,0.43,0.36,77,Banana,Vermicompost
2026-04-11,Saline Soil,370,33,206,20,6.7,0.7,0.7,0.3,125,7.0,0.42,0.55,50,Vegetables,Vermicompost
2026-04-21,Laterite,372,24,272,10,6.0,1.0,0.9,0.7,255,6.1,1.44,0.43,55,Maize,NPK 17:17:17
2026-01-09,Red Loam,328,29,251,13,6.8,1.2,0.6,0.5,237,7.8,0.42,0.48,85,Cashew,Vermicompost
2026-10-26,Peaty,375,15,296,12,6.9,0.8,0.4,0.5,214,5.3,1.62,0.25,67,Maize,NPK 20:20:0
2026-06-28,Red Loam,263,29,186,12,7.3,0.7,0.6,0.4,156,7.8,0.42,0.25,69,Cashew,Urea
2026-06-06,Red Loam,170,23,254,11,6.6,1.0,0.3,0.7,252,7.9,0.42,0.42,80,Maize,NPK 20:20:0
2026-12-25,Alluvial,353,31,318,17,5.2,0.9,0.5,0.4,213,6.7,0.73,0.45,68,Groundnut,NPK 19:19:19
2026-01-31,Laterite,170,35,322,10,5.0,0.9,0.5,0.6,145,7.5,0.93,0.39,72,Rice,Gypsum
2026-02-21,Clay,260,16,205,17,4.9,1.1,0.5,0.3,198,6.2,0.42,0.34,95,Sugarcane,Urea
2026-07-03,Clay,298,24,175,20,4.1,1.3,0.5,0.3,143,5.3,0.5,0.48,88,Groundnut,Vermicompost
2026-02-10,Alluvial,232,33,178,18,7.5,0.9,0.7,0.4,117,6.1,1.47,0.56,60,Tea,Potash
2026-09-24,Alluvial,170,38,322,17,6.2,0.8,0.5,0.6,113,6.5,1.12,0.25,93,Maize,Gypsum
2026-05-16,Laterite,189,31,322,12,6.8,0.8,0.9,0.3,90,7.1,0.47,0.4,58,Groundnut,NPK 20:20:0
2026-11-29,Clay Loam,302,17,297,12,6.1,1.1,0.9,0.3,145,7.3,1.9,0.47,69,Maize,Potash
2026-12-27,Black Cotton,392,22,294,18,4.8,1.3,0.7,0.2,259,6.9,1.65,0.45,95,Rubber,NPK 17:17:17
2026-12-21,Clay Loam,358,23,206,23,7.3,0.9,0.4,0.7,90,7.9,0.91,0.51,50,Rice,Vermicompost
2026-02-03,Sandy Loam,286,28,124,11,6.8,0.7,0.3,0.5,133,7.8,1.69,0.34,73,Maize,Organic Manure
2026-01-28,Red Sandy,246,29,153,11,5.4,1.2,0.6,0.2,229,5.3,1.54,0.51,75,Pulses,NPK 20:20:0
2026-07-03,Laterite,329,29,274,18,4.1,0.8,0.7,0.3,243,7.3,0.53,0.49,53,Wheat,Potash
2026-07-31,Alluvial,384,25,228,21,5.6,0.9,0.9,0.6,259,6.9,1.55,0.41,95,Wheat,NPK 20:20:0
2026-08-07,Peaty,313,21,202,10,5.5,0.7,0.8,0.3,90,5.7,1.9,0.46,63,Pulses,DAP
2026-10-06,Red Loam,288,35,144,22,7.2,1.0,0.4,0.3,115,6.8,1.05,0.25,49,Pulses,DAP
2026-04-12,Laterite,277,18,168,16,7.5,1.1,0.6,0.2,259,7.3,1.44,0.57,77,Rice,Compost
2026-12-19,Clay,377,39,169,11,4.4,1.3,0.6,0.3,90,7.8,1.42,0.44,89,Groundnut,DAP
2026-12-10,Alluvial,359,17,190,12,6.3,0.7,0.4,0.6,215,7.4,0.87,0.47,74,Cashew,DAP
2026-09-22,Peaty,192,19,211,13,6.7,0.6,0.6,0.7,146,7.1,0.49,0.39,93,Rice,Potash
2026-06-30,Saline Soil,232,39,128,21,6.8,1.0,0.5,0.6,223,7.1,1.9,0.51,79,Pulses,Gypsum
2026-02-28,Laterite,250,38,153,23,5.2,0.8,0.6,0.3,180,6.3,1.83,0.33,68,Millet,NPK 20:20:0
2026-12-11,Clay Loam,170,19,322,15,6.8,1.0,0.5,0.4,123,7.1,0.93,0.46,62,Wheat,NPK 19:19:19
2026-05-06,Red Loam,307,38,203,13,4.2,1.1,0.9,0.3,100,6.5,1.7,0.5,85,Rice,Compost
2026-08-27,Laterite,232,30,313,11,6.5,0.8,0.7,0.6,195,7.9,1.89,0.39,65,Coffee,Urea
2026-10-17,Peaty,248,21,298,11,7.1,1.0,0.3,0.2,212,6.3,1.12,0.35,89,Maize,Organic Manure
2026-11-01,Saline Soil,306,24,322,20,7.5,1.0,0.6,0.2,253,6.0,1.84,0.56,69,Wheat,NPK 19:19:19
2026-08-03,Clay Loam,350,17,202,22,4.1,1.0,0.5,0.6,105,6.2,1.44,0.25,88,Wheat,Vermicompost
2026-11-07,Red Sandy,246,31,217,13,4.5,0.9,0.8,0.7,90,6.0,1.09,0.4,61,Sugarcane,Urea
2026-02-01,Alluvial,257,37,274,23,7.3,0.9,0.7,0.6,165,7.8,0.87,0.32,51,Sugarcane,DAP
2026-12-12,Alluvial,353,36,322,18,6.8,1.1,0.5,0.6,176,5.5,0.98,0.39,95,Banana,Potash
2026-11-21,Peaty,373,20,124,11,7.5,1.1,0.6,0.7,224,5.6,1.16,0.41,50,Maize,NPK 19:19:19
2026-02-10,Peaty,170,22,215,9,5.3,1.0,0.8,0.4,231,7.9,1.57,0.34,52,Millet,Potash
2026-11-02,Sandy Loam,257,27,249,14,4.8,0.9,0.4,0.5,259,6.8,1.63,0.25,46,Tea,NPK 17:17:17
2026-12-27,Black Cotton,282,24,243,12,7.5,0.9,0.7,0.6,90,7.9,0.42,0.38,48,Wheat,Compost
2026-02-10,Sandy Loam,303,31,190,14,7.5,0.9,0.7,0.4,113,6.3,1.77,0.26,72,Barley,NPK 17:17:17
2026-08-07,Red Loam,271,16,247,12,5.7,1.2,0.9,0.4,234,7.7,0.86,0.36,79,Cashew,Gypsum
2026-09-18,Sandy Loam,391,22,322,17,5.7,1.3,0.7,0.6,158,6.5,1.75,0.54,79,Vegetables,NPK 19:19:19
2026-10-28,Saline Soil,303,25,124,12,7.4,0.7,0.3,0.6,210,5.4,0.42,0.4,79,Cotton,Vermicompost
2026-10-23,Laterite,280,28,256,11,5.6,1.3,0.7,0.4,155,7.0,1.57,0.36,85,Wheat,Vermicompost
2026-11-20,Clay,310,25,284,19,6.6,1.2,0.6,0.4,144,5.3,1.02,0.41,68,Groundnut,Compost
2026-02-15,Red Loam,178,23,174,21,6.3,1.1,0.8,0.7,116,6.0,1.77,0.29,83,Wheat,DAP
2026-08-14,Red Loam,252,28,322,23,4.3,1.4,0.4,0.3,145,7.2,1.69,0.54,63,Wheat,Compost
2026-04-01,Red Loam,228,37,177,23,7.1,0.6,0.4,0.4,240,6.6,1.12,0.27,67,Groundnut,NPK 19:19:19
2026-01-31,Laterite,367,34,209,14,6.1,1.0,0.8,0.5,129,7.6,1.66,0.42,53,Rice,NPK 17:17:17
2026-11-21,Red Loam,170,23,322,11,6.9,1.1,0.6,0.6,90,7.3,1.59,0.46,68,Maize,NPK 17:17:17
2026-03-10,Black Cotton,379,23,273,13,7.5,1.0,0.6,0.3,215,5.5,1.09,0.59,89,Sugarcane,Gypsum
2026-04-18,Laterite,300,17,211,11,4.9,0.7,0.7,0.6,259,6.7,1.4,0.4,62,Wheat,Vermicompost
2026-10-28,Red Loam,379,15,265,10,6.1,0.7,0.7,0.3,141,6.9,1.36,0.47,94,Maize,Urea
2026-07-08,Clay,242,15,268,23,5.3,1.3,0.7,0.4,118,7.3,1.78,0.56,47,Groundnut,NPK 20:20:0
2026-08-15,Laterite,393,33,180,15,7.4,1.4,0.3,0.5,112,5.7,1.74,0.5,50,Maize,Gypsum
2026-12-10,Clay,297,25,129,14,6.8,1.0,0.4,0.5,225,6.9,1.4,0.35,86,Coffee,NPK 19:19:19
2026-12-09,Red Sandy,337,26,266,13,6.5,0.9,0.4,0.4,105,7.9,0.55,0.33,60,Sugarcane,Vermicompost
2026-04-20,Clay,254,29,186,10,4.7,1.1,0.8,0.4,141,8.2,1.45,0.46,49,Cotton,Vermicompost
2026-05-30,Saline Soil,387,18,209,11,6.3,1.2,0.4,0.4,225,6.4,1.39,0.29,72,Vegetables,Vermicompost
2026-06-21,Red Sandy,173,20,151,18,4.1,0.9,0.4,0.4,259,5.3,0.42,0.37,94,Wheat,Gypsum
2026-02-15,Alluvial,270,18,322,19,5.7,0.6,0.4,0.6,150,5.3,0.77,0.53,93,Sugarcane,Organic Manure
2026-05-15,Sandy Loam,336,31,200,21,6.2,1.1,0.4,0.2,143,6.8,1.33,0.34,56,Groundnut,Vermicompost
2026-02-22,Alluvial,291,33,293,15,6.3,0.6,0.7,0.3,176,7.5,0.95,0.36,92,Groundnut,Organic Manure
2026-07-10,Clay Loam,291,29,268,17,5.6,0.9,0.8,0.5,236,7.0,1.89,0.44,85,Wheat,NPK 17:17:17
2026-09-23,Sandy Loam,378,33,134,13,5.3,1.2,0.5,0.4,114,5.3,1.05,0.31,59,Banana,Potash
2026-10-04,Alluvial,261,22,174,13,6.4,1.3,0.8,0.3,178,5.8,0.94,0.35,63,Rubber,Vermicompost
2026-06-19,Laterite,359,29,184,19,5.1,0.9,0.9,0.3,104,7.6,1.23,0.47,53,Pulses,Potash
2026-08-25,Saline Soil,370,23,307,18,4.4,0.7,0.4,0.2,239,6.5,1.9,0.58,51,Sugarcane,Gypsum
2026-09-09,Black Cotton,386,39,213,16,7.4,1.2,0.4,0.7,248,7.3,0.42,0.25,69,Cotton,Urea
2026-07-03,Red Sandy,290,31,231,23,5.3,0.6,0.3,0.3,153,7.1,1.69,0.43,68,Millet,Compost
2026-01-09,Red Sandy,223,21,322,22,7.5,1.1,0.5,0.6,154,5.5,0.79,0.4,53,Cotton,Compost
2026-07-08,Black Cotton,275,38,322,17,4.7,0.9,0.5,0.5,224,5.3,1.87,0.25,89,Banana,Vermicompost
2026-09-09,Clay,205,26,245,20,6.3,1.2,0.6,0.3,119,7.8,1.51,0.54,76,Maize,Gypsum
2026-02-04,Sandy Loam,337,27,204,16,4.4,0.8,0.7,0.6,225,7.6,1.46,0.56,88,Groundnut,NPK 17:17:17
2026-07-03,Peaty,281,34,236,14,4.3,0.9,0.8,0.5,192,6.1,0.65,0.33,56,Coffee,Urea
2026-06-05,Peaty,185,16,226,16,5.9,1.1,0.8,0.3,156,7.8,1.72,0.55,79,Wheat,Gypsum
2026-02-20,Alluvial,201,38,200,22,4.3,0.8,0.5,0.2,215,5.3,1.9,0.32,67,Maize,NPK 19:19:19
2026-08-26,Peaty,200,17,273,9,6.4,1.2,0.7,0.5,213,6.7,0.42,0.47,54,Banana,Urea
2026-04-30,Saline Soil,234,37,124,13,5.0,1.0,0.8,0.6,225,6.7,1.39,0.55,77,Millet,NPK 17:17:17
2026-03-31,Clay,238,17,225,17,5.8,0.7,0.6,0.6,259,7.9,1.5,0.43,80,Wheat,NPK 20:20:0
2026-01-09,Black Cotton,222,18,255,21,5.2,0.8,0.7,0.3,162,7.2,1.76,0.37,50,Groundnut,NPK 20:20:0
2026-02-27,Black Cotton,170,18,221,16,5.3,0.7,0.8,0.6,153,6.1,1.55,0.34,51,Wheat,Vermicompost
2026-03-13,Sandy Loam,207,24,322,17,6.5,0.7,0.5,0.4,246,5.3,0.65,0.56,50,Groundnut,Vermicompost
2026-04-10,Sandy Loam,264,16,322,12,6.8,1.2,0.4,0.3,225,8.2,1.79,0.51,59,Coffee,Organic Manure
2026-10-03,Black Cotton,221,27,322,9,4.1,0.7,0.6,0.3,259,5.6,1.49,0.31,90,Cotton,Organic Manure
2026-08-01,Black Cotton,264,37,219,20,6.4,0.9,0.7,0.6,165,5.3,1.08,0.25,68,Wheat,Vermicompost
2026-04-08,Laterite,244,21,153,16,7.0,1.1,0.7,0.6,115,7.5,1.34,0.34,53,Tea,DAP
2026-11-27,Laterite,170,22,278,23,7.0,0.6,0.5,0.4,148,6.6,1.5,0.34,51,Rubber,Potash
2026-09-28,Peaty,300,18,229,12,6.4,1.2,0.4,0.4,253,7.2,0.67,0.31,51,Banana,NPK 19:19:19
2026-07-16,Peaty,343,34,146,20,4.1,0.9,0.6,0.5,259,6.4,0.98,0.33,93,Tea,DAP
2026-01-16,Peaty,289,16,186,22,5.2,1.2,0.8,0.3,224,5.6,1.88,0.46,59,Maize,NPK 17:17:17
2026-05-08,Black Cotton,203,22,231,18,7.1,0.7,0.7,0.5,226,7.1,1.19,0.28,45,Pulses,Potash
2026-10-09,Sandy Loam,260,26,250,13,6.2,1.0,0.6,0.4,139,7.3,1.04,0.55,73,Maize,Organic Manure
2026-10-23,Red Loam,334,28,204,9,6.3,1.4,0.6,0.3,193,6.4,1.43,0.36,49,Groundnut,Potash
2026-08-03,Sandy Loam,382,37,199,13,4.1,1.3,0.7,0.3,178,7.1,1.77,0.37,95,Maize,NPK 17:17:17
2026-03-29,Red Loam,194,15,322,23,7.3,1.1,0.9,0.4,158,6.1,0.69,0.4,79,Banana,Potash
2026-03-25,Clay Loam,227,18,192,9,5.1,0.9,0.4,0.5,259,5.4,0.69,0.51,64,Sugarcane,Compost
2026-10-15,Black Cotton,280,23,203,10,6.2,1.2,0.5,0.4,238,7.3,0.76,0.41,78,Maize,Urea
2026-09-03,Red Loam,170,31,297,11,6.1,1.1,0.3,0.3,134,6.7,0.59,0.41,75,Groundnut,NPK 17:17:17
2026-09-20,Red Loam,170,31,249,12,5.5,1.3,0.3,0.3,90,6.9,1.54,0.46,68,Sugarcane,Gypsum
2026-12-15,Black Cotton,393,18,218,14,7.5,1.0,0.4,0.6,90,7.6,0.42,0.57,50,Banana,NPK 19:19:19
2026-01-11,Peaty,285,15,240,10,5.4,1.3,0.7,0.7,120,7.5,0.5,0.28,78,Maize,DAP
2026-05-14,Red Loam,358,28,248,19,6.1,1.3,0.7,0.6,125,5.4,1.82,0.25,51,Barley,Potash
2026-10-04,Peaty,291,16,309,11,7.4,0.9,0.4,0.3,141,5.7,1.71,0.34,74,Sugarcane,Compost
2026-09-30,Black Cotton,262,24,128,13,7.0,1.2,0.8,0.6,245,6.8,1.47,0.56,94,Coffee,Organic Manure
2026-04-23,Clay,181,36,124,13,7.3,1.1,0.9,0.5,137,7.4,0.67,0.3,67,Banana,NPK 20:20:0
2026-02-04,Peaty,315,23,281,18,6.1,1.0,0.8,0.6,118,7.7,0.42,0.51,55,Vegetables,Gypsum
2026-02-14,Clay,370,17,189,15,6.9,0.8,0.5,0.4,259,6.0,0.42,0.25,64,Coffee,Urea
2026-08-27,Saline Soil,216,15,196,23,6.4,0.7,0.5,0.6,203,5.7,1.56,0.4,45,Barley,Compost
2026-09-20,Red Loam,348,36,130,11,4.6,0.8,0.4,0.6,112,7.0,1.27,0.27,53,Wheat,NPK 17:17:17
2026-05-20,Clay,170,39,130,23,7.5,0.5,0.8,0.3,117,5.4,1.68,0.46,63,Banana,DAP
2026-10-15,Sandy Loam,170,23,124,16,7.5,1.2,0.8,0.4,228,5.8,0.46,0.38,83,Pulses,Urea
2026-05-05,Red Loam,171,29,304,12,6.6,0.6,0.7,0.5,102,6.5,0.42,0.25,55,Maize,Organic Manure
2026-05-22,Sandy Loam,366,22,281,14,5.7,1.4,0.8,0.4,218,6.6,0.72,0.31,77,Wheat,NPK 17:17:17
2026-01-09,Alluvial,372,25,124,21,4.1,1.0,0.4,0.3,229,5.3,0.42,0.56,53,Wheat,NPK 17:17:17
2026-01-09,Laterite,229,22,322,16,6.3,0.8,0.6,0.4,175,7.5,0.75,0.53,47,Maize,NPK 19:19:19
2026-06-08,Red Loam,343,35,124,18,5.6,0.9,0.6,0.3,259,5.6,1.48,0.45,53,Wheat,DAP
2026-01-09,Clay,326,18,124,14,7.5,1.2,0.6,0.3,228,6.4,1.26,0.25,52,Vegetables,Potash
2026-03-24,Clay Loam,217,26,124,13,5.7,1.1,0.8,0.4,239,5.7,1.43,0.42,64,Sugarcane,NPK 19:19:19
2026-05-25,Black Cotton,384,19,238,13,4.2,0.9,0.5,0.7,208,5.7,1.13,0.3,74,Tea,NPK 20:20:0
2026-10-28,Peaty,262,25,165,10,4.7,0.8,0.7,0.3,90,6.4,1.51,0.25,62,Pulses,Organic Manure
2026-01-25,Laterite,321,25,322,10,6.2,1.1,0.5,0.2,151,6.0,1.32,0.44,53,Barley,NPK 19:19:19
2026-11-07,Alluvial,292,27,282,22,4.9,1.1,0.8,0.4,200,7.9,0.7,0.4,68,Cotton,Potash
2026-09-11,Peaty,355,29,223,12,5.3,1.3,0.3,0.3,248,7.5,0.45,0.26,83,Vegetables,Gypsum
2026-10-04,Red Sandy,271,32,274,9,5.0,0.6,0.5,0.5,192,6.1,0.42,0.3,58,Groundnut,Compost
2026-12-11,Red Loam,210,37,322,11,4.6,0.5,0.8,0.3,161,7.7,1.24,0.5,48,Coffee,Compost
2026-06-30,Clay,285,32,322,15,6.4,0.6,0.3,0.4,115,5.7,1.47,0.41,68,Banana,Urea
2026-10-09,Clay,292,33,210,9,7.5,1.3,0.5,0.3,181,7.8,0.99,0.47,65,Sugarcane,Vermicompost
2026-11-25,Red Sandy,387,37,282,19,4.6,0.6,0.5,0.4,155,8.2,1.67,0.45,69,Groundnut,Compost
2026-12-04,Clay,272,37,322,12,5.4,0.9,0.4,0.3,112,7.0,1.58,0.26,63,Banana,NPK 19:19:19
2026-09-19,Clay Loam,340,28,252,19,5.3,1.1,0.6,0.5,177,7.4,1.33,0.36,59,Coffee,Urea
2026-10-14,Clay Loam,379,22,294,18,6.3,0.9,0.6,0.7,198,7.9,1.18,0.4,75,Millet,Compost
2026-03-22,Red Loam,353,16,216,12,4.5,1.2,0.8,0.5,90,6.4,0.45,0.4,62,Cotton,DAP
2026-11-01,Peaty,270,38,251,13,5.5,0.9,0.8,0.4,254,7.5,1.67,0.46,67,Maize,Organic Manure
2026-08-18,Clay,336,24,178,9,4.2,0.9,0.5,0.7,157,7.7,1.28,0.25,62,Sugarcane,Vermicompost
2026-08-13,Peaty,170,37,288,17,5.6,1.3,0.4,0.5,217,7.2,1.34,0.45,83,Wheat,Urea
2026-01-20,Laterite,186,30,322,13,4.3,1.2,0.8,0.5,136,7.6,0.86,0.42,56,Banana,NPK 19:19:19
2026-08-18,Clay,296,19,124,12,5.0,1.2,0.3,0.3,150,5.7,1.73,0.47,57,Tea,Urea
2026-10-10,Sandy Loam,376,23,229,13,5.4,0.9,0.9,0.3,90,8.1,1.61,0.26,95,Rubber,NPK 19:19:19
2026-08-15,Red Loam,380,23,284,18,5.0,1.0,0.7,0.5,118,6.0,1.9,0.26,82,Groundnut,Urea
2026-04-10,Red Loam,299,24,279,21,6.5,0.8,0.5,0.4,112,7.9,1.67,0.44,61,Cotton,Organic Manure
2026-12-27,Peaty,371,15,322,17,4.2,0.9,0.6,0.3,227,5.5,1.43,0.42,64,Wheat,Potash
2026-11-27,Red Loam,265,17,322,18,5.3,0.6,0.6,0.6,259,6.2,0.58,0.45,54,Sugarcane,DAP
2026-08-29,Saline Soil,270,37,297,16,5.1,1.2,0.8,0.4,137,5.6,0.58,0.44,62,Tea,Potash
2026-01-09,Saline Soil,343,34,322,14,4.1,1.2,0.8,0.2,148,7.0,0.81,0.45,75,Millet,Vermicompost
2026-02-14,Red Loam,297,33,322,18,6.1,0.8,0.6,0.5,234,6.6,1.53,0.49,80,Pulses,Vermicompost
2026-09-20,Clay,377,33,227,10,5.5,0.6,0.6,0.5,259,7.4,1.63,0.34,63,Cashew,Compost
2026-11-13,Laterite,272,17,219,20,5.2,0.9,0.5,0.4,155,7.2,1.05,0.32,77,Tea,Vermicompost
2026-04-15,Red Sandy,374,28,242,21,6.4,0.8,0.7,0.3,200,5.9,1.78,0.35,73,Sugarcane,NPK 20:20:0
2026-01-09,Laterite,242,24,205,22,5.5,1.1,0.7,0.4,244,6.0,0.93,0.58,75,Pulses,NPK 17:17:17
2026-01-22,Laterite,276,21,240,20,5.3,1.1,0.4,0.4,259,6.0,1.29,0.55,54,Rice,Compost
2026-11-29,Clay,289,36,269,15,6.1,1.1,0.8,0.3,226,6.9,1.55,0.53,65,Wheat,Urea
2026-12-27,Clay Loam,235,22,124,12,6.4,0.7,0.5,0.5,106,6.5,0.42,0.4,94,Pulses,DAP
2026-12-08,Alluvial,224,21,227,18,6.8,1.0,0.8,0.5,240,7.3,1.5,0.41,53,Maize,NPK 19:19:19
2026-01-19,Red Sandy,244,27,240,11,7.2,0.6,0.8,0.6,106,5.3,0.94,0.59,73,Pulses,Compost
2026-01-16,Peaty,373,35,260,9,7.4,0.8,0.7,0.7,212,7.6,0.7,0.34,71,Barley,NPK 17:17:17
2026-11-23,Sandy Loam,343,25,124,18,6.4,1.3,0.6,0.6,90,7.4,1.85,0.44,46,Millet,Urea
2026-09-11,Laterite,393,34,233,12,6.6,1.0,0.4,0.7,115,6.9,1.32,0.34,88,Maize,Gypsum
2026-04-30,Saline Soil,344,33,124,13,5.2,0.8,0.5,0.3,137,7.0,1.86,0.38,45,Cashew,DAP
2026-04-07,Laterite,170,31,280,16,6.0,1.3,0.9,0.4,140,8.2,1.64,0.55,83,Rice,NPK 19:19:19
2026-04-19,Clay Loam,382,15,124,22,5.7,1.1,0.5,0.6,110,6.8,1.18,0.59,86,Maize,Urea
2026-12-27,Sandy Loam,228,35,218,12,6.8,1.4,0.6,0.6,112,8.2,1.86,0.59,91,Maize,Compost
2026-03-04,Peaty,372,37,220,15,5.1,0.9,0.4,0.3,257,5.7,0.93,0.44,76,Maize,NPK 17:17:17
2026-03-30,Red Sandy,378,17,252,23,6.6,0.9,0.8,0.3,184,7.0,1.47,0.38,56,Wheat,Potash
2026-09-07,Sandy Loam,278,35,322,14,6.1,1.0,0.4,0.4,178,6.6,1.37,0.25,79,Maize,NPK 19:19:19
2026-10-17,Alluvial,221,23,218,13,5.8,0.7,0.5,0.7,102,5.9,1.75,0.52,85,Rice,NPK 20:20:0
2026-05-16,Clay,325,24,204,18,7.0,0.8,0.8,0.5,113,7.6,1.65,0.37,55,Cashew,Organic Manure
2026-11-15,Laterite,286,23,280,11,6.4,1.4,0.6,0.6,214,5.9,1.9,0.26,94,Groundnut,Compost
2026-07-26,Red Loam,264,18,226,11,6.4,0.5,0.8,0.5,107,5.3,1.1,0.37,92,Rubber,NPK 17:17:17
2026-12-27,Red Loam,362,18,322,10,5.2,1.2,0.5,0.3,240,5.3,0.42,0.52,91,Banana,Urea
2026-04-01,Clay,377,20,286,19,6.1,0.9,0.4,0.5,259,7.4,0.43,0.36,56,Sugarcane,Urea
2026-10-27,Clay Loam,280,31,293,17,7.3,1.2,0.5,0.6,103,7.5,0.91,0.34,84,Maize,Vermicompost
2026-01-09,Clay,392,19,279,9,6.2,1.3,0.3,0.5,259,7.6,0.86,0.58,61,Sugarcane,Compost
2026-04-30,Saline Soil,200,18,271,21,6.8,1.0,0.5,0.6,114,6.0,1.9,0.41,58,Rubber,Urea
2026-12-27,Red Loam,235,28,246,16,7.4,0.8,0.6,0.5,259,7.9,1.48,0.45,91,Pulses,NPK 17:17:17
2026-05-02,Black Cotton,277,36,262,20,7.0,1.1,0.7,0.6,158,6.9,1.64,0.29,67,Coffee,Vermicompost
2026-06-30,Red Loam,271,32,124,16,5.5,1.3,0.4,0.6,130,6.2,1.31,0.42,71,Wheat,Vermicompost
2026-06-11,Red Loam,354,22,220,17,5.0,0.6,0.9,0.5,244,5.3,0.42,0.5,46,Maize,Compost
2026-06-07,Peaty,357,24,242,16,7.4,0.7,0.4,0.6,210,7.0,1.9,0.39,64,Wheat,DAP
2026-08-23,Saline Soil,393,31,240,19,6.2,0.8,0.7,0.5,210,6.9,0.7,0.26,59,Sugarcane,NPK 20:20:0
2026-01-09,Laterite,246,15,300,9,7.1,1.0,0.8,0.4,259,5.3,1.9,0.28,85,Maize,Compost
2026-07-02,Red Loam,332,36,281,21,6.6,1.2,0.7,0.6,121,7.9,1.79,0.31,78,Cotton,NPK 17:17:17
2026-01-18,Laterite,352,27,129,12,4.6,0.5,0.8,0.4,235,7.4,1.9,0.41,88,Banana,Urea
2026-04-07,Red Loam,192,25,273,17,5.6,1.0,0.7,0.5,120,6.1,0.79,0.35,52,Banana,Potash
2026-01-14,Peaty,393,39,213,17,5.2,0.9,0.4,0.6,124,6.2,1.15,0.44,47,Rice,Compost
2026-01-22,Red Loam,170,17,170,12,5.4,0.5,0.6,0.7,225,7.7,1.9,0.36,55,Rice,Compost
2026-09-09,Laterite,256,16,176,20,4.4,1.3,0.5,0.4,174,7.3,0.84,0.44,61,Rice,Potash
2026-11-06,Clay,389,38,305,14,4.3,0.5,0.5,0.7,164,6.3,0.42,0.5,48,Cotton,NPK 19:19:19
2026-09-05,Sandy Loam,172,22,231,18,6.2,1.2,0.4,0.6,259,8.2,1.23,0.55,84,Wheat,Compost
2026-08-09,Sandy Loam,189,22,256,14,4.3,0.5,0.8,0.3,259,7.6,0.42,0.38,75,Coffee,NPK 20:20:0
2026-10-21,Sandy Loam,203,24,322,19,6.3,0.8,0.6,0.6,166,7.5,0.53,0.56,62,Banana,Gypsum
2026-07-10,Red Loam,247,23,204,14,6.7,0.9,0.5,0.3,125,5.3,0.6,0.57,53,Banana,Gypsum
2026-11-30,Saline Soil,210,18,268,13,4.5,0.7,0.7,0.6,212,7.3,1.61,0.39,78,Tea,Organic Manure
2026-09-21,Sandy Loam,197,39,227,15,4.4,0.6,0.5,0.4,127,7.5,0.58,0.25,87,Sugarcane,Organic Manure
2026-12-25,Clay Loam,170,24,253,16,5.8,0.9,0.8,0.4,167,6.9,0.95,0.3,89,Maize,NPK 17:17:17
2026-12-27,Alluvial,262,20,322,19,5.5,0.7,0.6,0.3,141,5.3,0.68,0.29,69,Wheat,Organic Manure
2026-08-17,Peaty,320,18,250,16,7.0,1.0,0.4,0.5,259,6.6,1.8,0.37,86,Maize,Gypsum
2026-11-07,Red Sandy,320,32,133,9,4.5,1.3,0.6,0.5,192,7.4,0.42,0.36,94,Cotton,DAP
2026-10-25,Clay Loam,371,36,228,15,6.4,0.7,0.7,0.3,203,7.0,1.9,0.36,52,Coffee,Organic Manure
2026-08-23,Alluvial,259,20,188,21,4.4,1.3,0.8,0.4,138,7.0,0.77,0.56,79,Rice,Gypsum
2026-02-13,Laterite,253,31,256,20,7.5,0.9,0.4,0.4,223,6.1,1.53,0.52,81,Tea,NPK 20:20:0
2026-02-02,Red Loam,252,25,241,14,5.5,1.2,0.5,0.6,104,7.8,0.88,0.31,84,Barley,Compost
2026-08-03,Sandy Loam,249,15,216,15,5.2,0.5,0.5,0.3,115,5.3,1.44,0.25,61,Banana,DAP
2026-10-04,Sandy Loam,170,27,274,9,4.8,0.8,0.8,0.6,154,8.2,0.98,0.49,75,Coffee,NPK 17:17:17
2026-01-15,Peaty,262,24,157,22,4.8,0.8,0.4,0.6,102,5.7,0.79,0.5,56,Groundnut,NPK 19:19:19
2026-07-31,Red Loam,253,19,322,9,5.0,1.4,0.4,0.6,217,6.0,0.86,0.51,54,Groundnut,DAP
2026-03-30,Sandy Loam,314,18,153,17,5.3,0.8,0.7,0.4,192,5.3,0.53,0.37,67,Millet,Compost
2026-12-14,Laterite,386,24,224,14,7.0,0.8,0.3,0.3,90,7.6,0.77,0.59,66,Cashew,Vermicompost
2026-04-07,Peaty,279,22,124,21,6.9,1.4,0.7,0.3,259,7.8,0.7,0.53,75,Tea,NPK 17:17:17
2026-01-14,Saline Soil,223,36,322,22,5.8,0.5,0.6,0.6,164,7.5,1.55,0.57,72,Coffee,Gypsum
2026-02-14,Clay,372,21,220,17,5.0,0.7,0.7,0.4,120,5.8,1.9,0.42,64,Vegetables,Organic Manure
2026-09-25,Saline Soil,299,18,209,21,5.4,0.8,0.7,0.3,232,7.8,1.24,0.33,48,Coffee,Vermicompost
2026-03-15,Peaty,355,29,177,21,5.6,0.6,0.4,0.6,129,6.8,1.79,0.39,58,Coffee,Compost
2026-12-20,Alluvial,392,25,171,9,5.4,0.9,0.6,0.3,213,6.5,1.53,0.48,88,Pulses,Compost
2026-07-07,Black Cotton,170,20,305,21,4.6,0.8,0.6,0.4,252,6.2,1.34,0.59,82,Wheat,Gypsum
2026-11-07,Alluvial,221,16,301,22,6.5,0.9,0.8,0.3,90,5.3,1.83,0.55,89,Rice,Potash
2026-10-22,Alluvial,251,28,245,21,6.6,0.6,0.9,0.4,90,5.4,0.42,0.35,45,Wheat,Compost
2026-08-08,Clay Loam,282,17,281,14,5.5,1.3,0.7,0.3,138,7.2,1.9,0.53,88,Banana,Potash
2026-02-02,Red Loam,205,23,322,16,6.1,1.4,0.5,0.3,124,7.7,1.74,0.33,51,Wheat,NPK 19:19:19
2026-09-23,Red Sandy,175,27,297,9,6.9,1.3,0.3,0.5,194,6.6,0.77,0.41,50,Banana,NPK 19:19:19
2026-02-15,Sandy Loam,183,31,287,11,7.5,1.1,0.7,0.4,242,7.8,1.86,0.35,89,Sugarcane,Compost
2026-07-19,Peaty,317,26,298,16,5.1,0.6,0.7,0.3,234,7.6,1.19,0.46,85,Groundnut,DAP
2026-08-13,Saline Soil,319,33,269,16,6.3,0.9,0.6,0.4,178,7.4,1.43,0.35,95,Rice,Gypsum
2026-09-01,Red Loam,382,33,124,14,5.9,1.2,0.3,0.2,118,5.3,1.75,0.49,62,Banana,NPK 17:17:17
2026-05-18,Red Sandy,239,37,124,21,7.5,1.4,0.5,0.3,207,7.9,1.9,0.28,89,Wheat,Gypsum
2026-08-24,Red Loam,211,26,322,23,6.1,1.3,0.3,0.3,257,7.7,1.85,0.41,74,Banana,DAP
2026-08-20,Clay Loam,189,29,281,14,6.7,1.1,0.5,0.4,253,7.4,1.63,0.59,63,Barley,Organic Manure
2026-06-12,Laterite,188,33,322,16,5.5,0.8,0.6,0.4,217,7.1,1.24,0.35,62,Rice,NPK 17:17:17
2026-06-17,Red Loam,280,24,269,13,4.5,0.8,0.5,0.3,135,5.4,1.83,0.49,89,Sugarcane,DAP
2026-08-21,Black Cotton,350,18,209,14,4.6,1.1,0.8,0.5,235,6.9,1.02,0.25,73,Groundnut,Organic Manure
2026-03-29,Red Loam,274,33,322,23,4.9,1.0,0.6,0.3,90,6.3,0.83,0.52,66,Wheat,NPK 17:17:17
2026-04-07,Laterite,266,20,207,13,4.3,1.0,0.4,0.6,253,6.6,1.59,0.57,84,Sugarcane,NPK 20:20:0
2026-08-13,Peaty,393,37,130,21,7.3,0.9,0.7,0.6,120,5.7,1.9,0.48,56,Banana,Potash
2026-12-25,Sandy Loam,288,33,272,22,4.1,0.8,0.6,0.6,102,6.3,1.58,0.45,63,Sugarcane,Organic Manure
2026-05-08,Red Sandy,170,15,222,23,5.0,1.1,0.3,0.5,153,7.3,1.87,0.29,79,Sugarcane,Vermicompost
2026-01-09,Black Cotton,215,18,220,17,4.9,1.4,0.7,0.2,211,7.3,1.88,0.33,85,Banana,NPK 17:17:17
2026-08-22,Alluvial,242,15,255,17,7.0,0.7,0.8,0.3,240,6.2,1.12,0.58,50,Maize,NPK 20:20:0
2026-05-30,Peaty,232,34,206,18,7.5,0.6,0.4,0.5,239,6.9,1.11,0.56,58,Maize,Organic Manure
2026-06-20,Alluvial,216,31,181,10,6.6,1.3,0.7,0.2,133,5.8,1.79,0.53,60,Groundnut,Compost
2026-02-08,Clay Loam,170,23,222,15,6.9,1.2,0.4,0.3,130,8.2,0.42,0.5,46,Maize,NPK 19:19:19
2026-07-10,Red Sandy,383,37,299,14,4.3,1.3,0.7,0.6,113,7.3,1.27,0.46,84,Pulses,DAP
2026-05-09,Peaty,202,17,298,9,4.3,0.7,0.7,0.7,105,5.3,1.85,0.49,94,Wheat,DAP
2026-06-24,Saline Soil,326,33,210,18,6.0,0.8,0.8,0.7,225,6.1,1.77,0.44,66,Barley,Vermicompost
2026-02-07,Laterite,321,18,297,11,5.5,1.1,0.8,0.2,199,5.3,1.4,0.44,51,Vegetables,NPK 19:19:19
2026-05-09,Red Sandy,189,19,176,11,5.8,1.1,0.7,0.4,90,5.7,1.43,0.54,53,Maize,DAP
2026-12-20,Alluvial,303,16,322,12,6.3,0.9,0.5,0.5,143,8.2,1.75,0.36,86,Sugarcane,DAP
2026-08-10,Laterite,375,34,256,9,6.0,0.8,0.5,0.3,105,6.9,1.13,0.39,94,Maize,Compost
2026-03-10,Saline Soil,233,21,236,14,6.8,1.0,0.6,0.5,259,5.7,0.6,0.45,62,Cashew,Compost
2026-06-16,Red Loam,370,19,170,22,4.8,1.0,0.6,0.7,124,6.8,1.89,0.54,89,Wheat,NPK 19:19:19
2026-08-18,Laterite,278,17,124,14,6.1,1.4,0.8,0.7,216,6.8,1.43,0.3,94,Rice,Potash
2026-12-27,Alluvial,364,20,316,9,4.7,0.6,0.8,0.5,123,6.3,0.42,0.49,55,Maize,Potash
2026-09-16,Peaty,198,25,273,19,6.4,1.1,0.9,0.2,152,7.8,1.57,0.28,88,Rice,Urea
2026-05-03,Peaty,352,36,140,10,6.8,0.9,0.5,0.6,259,6.8,1.5,0.37,70,Tea,Organic Manure
2026-02-24,Sandy Loam,356,39,287,18,5.3,0.8,0.7,0.4,232,7.6,0.42,0.53,80,Millet,Potash
2026-09-05,Alluvial,197,24,124,14,7.5,0.9,0.7,0.6,256,5.3,1.9,0.46,88,Pulses,Urea
2026-12-09,Alluvial,262,24,124,13,4.2,0.9,0.5,0.4,157,6.7,1.25,0.58,94,Pulses,Vermicompost
2026-12-27,Peaty,345,22,274,9,4.1,0.8,0.9,0.6,117,7.3,1.71,0.3,87,Maize,Organic Manure
2026-05-01,Alluvial,264,21,208,19,6.7,1.3,0.4,0.3,228,8.1,1.51,0.5,67,Sugarcane,Urea
2026-08-09,Clay Loam,292,15,261,21,5.7,1.4,0.4,0.3,141,7.8,0.46,0.47,53,Rice,Vermicompost
2026-10-21,Clay,349,33,180,20,4.1,0.8,0.9,0.5,253,6.7,1.66,0.57,84,Banana,Potash
2026-10-15,Sandy Loam,279,37,178,17,6.0,0.9,0.4,0.4,210,7.7,0.59,0.25,86,Cashew,Organic Manure
2026-10-30,Black Cotton,174,27,305,9,5.8,1.2,0.8,0.7,238,6.7,0.99,0.25,82,Maize,Gypsum
2026-08-16,Saline Soil,181,21,273,11,6.3,0.5,0.5,0.3,157,7.3,0.74,0.4,88,Tea,Urea
2026-07-22,Peaty,233,38,297,14,5.4,0.6,0.4,0.6,174,7.8,0.49,0.48,63,Banana,DAP
2026-08-02,Red Sandy,329,38,322,13,6.3,1.2,0.4,0.3,90,6.2,1.52,0.39,92,Coffee,Urea
2026-04-30,Clay,293,20,163,19,6.8,1.4,0.9,0.3,246,6.7,1.69,0.55,51,Groundnut,Vermicompost
2026-11-02,Sandy Loam,184,23,240,11,6.1,0.9,0.4,0.3,90,5.3,1.3,0.27,47,Maize,Potash
2026-04-13,Sandy Loam,171,19,257,23,5.0,0.7,0.7,0.5,136,7.5,1.58,0.33,80,Sugarcane,NPK 17:17:17
2026-12-07,Clay,375,25,243,12,6.1,0.9,0.5,0.5,126,6.2,0.9,0.39,47,Groundnut,Organic Manure
2026-02-10,Sandy Loam,170,34,280,14,5.1,1.1,0.3,0.4,229,7.6,0.42,0.42,48,Banana,NPK 17:17:17
2026-11-15,Clay,354,26,159,19,7.4,1.2,0.4,0.4,118,6.0,1.29,0.35,91,Tea,Compost
2026-04-09,Saline Soil,212,20,237,15,7.5,1.3,0.5,0.3,259,6.0,0.8,0.52,63,Wheat,Compost
2026-04-04,Saline Soil,170,15,124,18,7.4,1.3,0.4,0.6,148,6.9,0.42,0.59,81,Pulses,NPK 19:19:19
2026-09-04,Laterite,170,25,265,23,6.8,0.9,0.5,0.2,136,5.3,0.42,0.38,50,Banana,Potash
2026-11-30,Red Loam,371,22,124,14,4.9,1.1,0.3,0.6,218,5.5,1.07,0.48,93,Sugarcane,Organic Manure
2026-01-25,Red Sandy,305,21,204,14,5.5,0.8,0.6,0.4,106,6.7,1.0,0.27,62,Millet,Potash
2026-01-24,Sandy Loam,317,37,230,21,6.3,1.1,0.6,0.3,218,5.8,0.9,0.48,61,Sugarcane,Compost
2026-07-25,Sandy Loam,379,23,300,21,6.3,1.1,0.7,0.5,224,5.5,0.55,0.41,85,Groundnut,NPK 17:17:17
2026-03-05,Red Sandy,214,35,219,21,4.6,1.1,0.3,0.3,255,6.9,0.85,0.35,66,Sugarcane,NPK 20:20:0
2026-02-10,Clay Loam,307,38,273,21,4.7,1.0,0.6,0.4,214,5.6,1.9,0.39,74,Coffee,Gypsum
2026-12-08,Clay,170,20,270,12,6.4,0.6,0.5,0.5,257,8.0,0.48,0.5,45,Banana,Organic Manure
2026-11-02,Red Loam,213,33,124,22,5.4,0.8,0.8,0.3,145,7.0,1.18,0.54,84,Groundnut,NPK 19:19:19
2026-06-29,Saline Soil,320,15,233,22,4.6,1.1,0.4,0.4,90,6.5,1.65,0.3,60,Coffee,Urea
2026-08-30,Red Loam,333,34,154,11,7.3,0.8,0.9,0.3,162,5.3,1.43,0.58,85,Maize,Gypsum
2026-02-01,Sandy Loam,185,31,322,14,6.0,1.2,0.6,0.6,90,6.8,1.01,0.44,89,Sugarcane,NPK 20:20:0
2026-05-10,Red Loam,293,17,322,16,5.5,1.0,0.7,0.4,194,5.3,0.68,0.42,83,Wheat,NPK 19:19:19
2026-05-03,Sandy Loam,170,24,246,22,5.1,1.0,0.7,0.6,259,8.2,1.07,0.59,50,Maize,Potash
2026-12-13,Red Loam,362,22,221,23,4.7,0.7,0.4,0.6,194,6.9,1.9,0.49,63,Sugarcane,DAP
2026-03-01,Red Sandy,280,32,253,21,5.4,1.2,0.5,0.4,114,7.7,0.71,0.34,59,Sugarcane,Compost
2026-08-15,Black Cotton,256,29,322,22,5.7,1.0,0.8,0.4,192,5.3,1.47,0.37,47,Sugarcane,Vermicompost
2026-03-25,Laterite,279,32,154,11,5.7,1.2,0.3,0.3,90,6.3,1.63,0.42,58,Groundnut,Potash
2026-10-27,Clay Loam,170,31,322,11,7.3,0.8,0.8,0.6,143,6.6,1.37,0.39,95,Groundnut,Organic Manure
2026-09-18,Peaty,276,35,197,22,5.5,0.9,0.8,0.4,225,6.6,1.9,0.29,73,Wheat,Organic Manure
2026-05-29,Clay,184,35,290,11,7.5,1.2,0.6,0.6,134,6.7,0.58,0.43,55,Sugarcane,NPK 19:19:19
2026-09-14,Alluvial,235,37,317,22,5.8,1.1,0.4,0.3,120,6.1,1.9,0.37,89,Rice,Vermicompost
2026-10-24,Sandy Loam,373,17,322,17,4.1,1.1,0.8,0.4,175,7.9,1.43,0.43,95,Pulses,NPK 17:17:17
2026-08-09,Laterite,249,35,220,16,6.4,1.2,0.8,0.3,95,7.2,0.55,0.42,86,Vegetables,Urea
2026-08-23,Saline Soil,202,21,230,23,5.2,1.0,0.8,0.5,228,7.5,0.69,0.51,46,Banana,Compost
2026-03-09,Sandy Loam,381,38,291,22,5.3,0.9,0.7,0.6,255,7.4,0.76,0.25,79,Sugarcane,Organic Manure
2026-12-26,Clay,269,36,132,22,6.5,0.9,0.8,0.7,110,5.5,1.16,0.47,74,Coffee,NPK 20:20:0
2026-09-09,Sandy Loam,309,32,255,21,6.1,0.8,0.8,0.2,224,7.4,0.94,0.52,54,Groundnut,Vermicompost
2026-12-22,Alluvial,170,27,322,18,7.0,0.6,0.8,0.4,220,6.9,1.43,0.44,55,Vegetables,DAP
2026-12-08,Black Cotton,247,16,173,14,4.8,0.8,0.6,0.4,110,6.1,1.17,0.31,61,Tea,Urea
2026-12-03,Laterite,377,20,322,21,5.6,1.0,0.8,0.2,138,5.9,1.41,0.39,86,Banana,Organic Manure
2026-02-14,Clay,334,17,303,23,5.0,1.0,0.5,0.4,129,6.9,0.6,0.33,49,Rubber,Urea
2026-09-07,Saline Soil,170,35,322,12,4.1,1.2,0.6,0.4,142,6.9,1.64,0.41,73,Maize,DAP
2026-09-27,Red Loam,222,15,250,21,4.9,1.0,0.4,0.7,113,7.7,1.39,0.41,59,Millet,Compost
2026-09-17,Red Sandy,170,32,205,11,7.5,1.2,0.6,0.5,154,7.6,1.72,0.35,63,Maize,NPK 20:20:0
2026-01-31,Clay,393,28,142,17,5.1,1.2,0.5,0.6,259,5.9,1.7,0.59,85,Maize,Gypsum
2026-08-07,Red Sandy,177,18,271,13,6.3,0.6,0.6,0.3,258,7.4,0.88,0.44,52,Pulses,Potash
2026-08-02,Saline Soil,328,28,291,21,4.4,1.2,0.6,0.5,90,7.8,1.57,0.43,63,Sugarcane,Vermicompost
2026-09-24,Laterite,300,17,184,11,4.2,0.8,0.7,0.5,197,8.2,1.43,0.54,94,Pulses,NPK 19:19:19
2026-12-25,Laterite,201,38,124,9,5.6,0.6,0.8,0.3,117,6.4,1.58,0.46,73,Millet,Potash
2026-11-01,Red Loam,341,39,207,21,5.0,1.0,0.5,0.3,156,6.9,1.8,0.47,86,Cashew,Potash
2026-08-08,Sandy Loam,378,34,232,22,6.6,1.2,0.8,0.6,234,5.7,0.54,0.3,54,Coffee,DAP
2026-06-30,Sandy Loam,291,28,182,23,4.9,1.0,0.4,0.3,135,5.8,0.5,0.25,51,Rubber,NPK 17:17:17
2026-04-18,Laterite,382,17,292,23,6.9,0.9,0.7,0.2,112,5.3,1.17,0.39,89,Vegetables,NPK 17:17:17
2026-05-27,Saline Soil,361,27,223,15,4.4,0.7,0.4,0.7,198,7.0,1.77,0.57,76,Maize,Urea
2026-10-12,Red Loam,271,23,289,10,6.0,0.8,0.5,0.3,141,7.7,1.65,0.34,55,Cotton,DAP
2026-08-13,Sandy Loam,201,15,229,12,4.3,0.7,0.8,0.3,226,6.9,0.84,0.31,64,Coffee,DAP
2026-01-09,Red Sandy,217,19,217,11,5.3,1.4,0.3,0.7,120,5.3,1.57,0.45,48,Banana,NPK 20:20:0
2026-10-15,Black Cotton,242,22,124,22,6.9,0.7,0.7,0.7,202,6.0,1.59,0.33,51,Pulses,Organic Manure
2026-04-10,Laterite,279,32,217,10,6.9,1.2,0.8,0.3,231,7.6,1.36,0.42,50,Wheat,Urea
2026-05-02,Laterite,324,27,124,22,5.8,1.1,0.3,0.5,150,5.5,0.42,0.39,89,Coffee,NPK 19:19:19
2026-06-04,Black Cotton,228,26,174,21,5.0,0.5,0.3,0.2,159,7.6,1.88,0.49,59,Maize,DAP
2026-06-28,Sandy Loam,170,20,124,11,4.4,1.0,0.3,0.5,90,7.3,1.52,0.46,69,Pulses,NPK 17:17:17
2026-02-27,Clay Loam,386,36,213,12,6.0,1.2,0.3,0.3,160,8.2,1.77,0.25,94,Rice,NPK 20:20:0
2026-12-04,Alluvial,192,17,184,17,5.6,0.7,0.5,0.3,109,6.7,1.15,0.53,85,Banana,Vermicompost
2026-10-27,Alluvial,296,33,263,11,6.0,0.9,0.5,0.2,137,8.2,1.72,0.5,45,Vegetables,Compost
2026-06-04,Red Loam,273,36,259,16,5.7,0.7,0.4,0.5,140,6.9,0.79,0.29,85,Wheat,Potash
2026-01-29,Saline Soil,292,23,175,21,6.9,1.4,0.4,0.6,90,7.9,1.09,0.41,80,Wheat,Compost
2026-03-02,Alluvial,308,38,272,22,5.4,1.4,0.4,0.6,125,5.7,1.74,0.27,88,Rubber,Vermicompost
2026-12-02,Alluvial,365,23,247,18,4.6,1.2,0.8,0.5,247,8.2,1.0,0.38,95,Coffee,Urea
2026-02-11,Red Sandy,244,35,182,14,4.3,1.0,0.8,0.6,210,7.5,0.86,0.36,62,Cashew,Organic Manure
2026-05-16,Red Sandy,231,20,285,9,6.1,0.8,0.7,0.4,259,6.4,1.48,0.49,64,Maize,Gypsum
2026-01-20,Peaty,302,21,124,19,4.8,1.0,0.7,0.6,90,7.1,1.23,0.44,63,Wheat,NPK 19:19:19
2026-01-10,Black Cotton,170,20,211,18,6.1,0.5,0.5,0.4,150,6.6,1.9,0.32,67,Rice,Urea
2026-03-20,Alluvial,191,34,183,13,6.1,0.8,0.4,0.3,154,5.4,1.14,0.44,68,Maize,Urea
2026-05-13,Red Sandy,170,21,229,13,4.4,1.1,0.5,0.4,180,8.1,1.47,0.25,88,Maize,Potash
2026-03-08,Laterite,374,29,283,13,4.3,1.3,0.5,0.3,191,8.2,0.48,0.46,59,Sugarcane,Gypsum
2026-01-14,Red Sandy,322,25,124,15,5.5,0.7,0.4,0.3,117,5.9,1.23,0.36,49,Wheat,DAP
2026-03-05,Red Sandy,235,15,146,11,5.3,1.1,0.6,0.4,186,7.1,0.75,0.31,50,Pulses,Vermicompost
2026-12-02,Sandy Loam,222,15,216,10,6.3,1.1,0.8,0.5,227,6.2,0.65,0.46,48,Barley,NPK 19:19:19
2026-12-16,Saline Soil,306,25,266,10,5.1,0.8,0.3,0.3,194,7.9,1.64,0.25,71,Barley,Potash
2026-11-01,Laterite,393,18,125,22,6.4,0.7,0.3,0.6,101,7.2,1.73,0.29,78,Maize,Potash
2026-07-22,Peaty,306,37,225,13,5.3,1.3,0.7,0.7,223,7.0,1.88,0.25,71,Banana,Compost
2026-08-25,Peaty,360,20,320,10,4.7,0.7,0.5,0.6,190,7.0,1.58,0.39,63,Barley,Organic Manure
2026-04-02,Laterite,372,16,200,17,6.2,0.7,0.6,0.3,139,7.8,1.26,0.52,51,Coffee,Urea
2026-11-05,Peaty,382,33,253,18,4.9,1.2,0.7,0.5,190,7.2,0.45,0.39,61,Pulses,Compost
2026-04-09,Laterite,305,18,275,17,5.2,0.8,0.5,0.4,132,7.2,1.25,0.25,56,Rice,Vermicompost
2026-02-05,Saline Soil,390,30,167,20,6.1,1.2,0.3,0.3,148,6.5,1.56,0.38,75,Rubber,Organic Manure
2026-01-15,Peaty,170,36,322,13,4.8,1.0,0.6,0.2,259,5.3,1.9,0.37,80,Sugarcane,Gypsum
2026-08-13,Clay Loam,294,34,236,22,4.5,1.4,0.7,0.6,227,7.6,0.42,0.36,63,Vegetables,Vermicompost
2026-09-22,Red Sandy,249,33,271,9,6.5,0.7,0.5,0.4,112,6.5,1.82,0.52,50,Groundnut,NPK 20:20:0
2026-01-09,Black Cotton,322,33,124,22,4.1,1.2,0.8,0.2,259,7.5,1.9,0.41,90,Rubber,Vermicompost
2026-06-25,Peaty,170,34,200,14,6.3,0.7,0.7,0.4,158,7.6,1.15,0.33,55,Cotton,Urea
